Órgão,Grupo,Quem faz,Atribuição
CADG,1.0,COMUNICAÇÃO,Faz a gestão do portal do MPRJ e da programação visual do site do MPRJ
CADG,1.0,COMUNICAÇÃO,Difunde conhecimento sobre o funcionamento e a atuação do MPRJ
CADG,1.0,COMUNICAÇÃO,Estimula e apoia a contribuição de atores externos ao trabalho dos órgãos do MPRJ
CADG,1.0,COMUNICAÇÃO,Estimula a criação de rede de atores internos e externos
CADG,1.0,COMUNICAÇÃO,Potencializa o impacto social do MPRJ
CADG,1.0,COMUNICAÇÃO,Desenvolve sites para campanhas e casos de atuação do MPRJ
CADG,1.0,COMUNICAÇÃO,Apoia os CAOs e grupos
CADG,1.0,COMUNICAÇÃO,Faz experimentos
CADG,1.0,CENPE,Desenha e conduz avaliações de impacto para processos e iniciativas do MPRJ
CADG,1.0,CENPE,Avalia a efetividade das políticas públicas
CADG,1.0,CENPE,Realiza revisões de literatura e de iniciativas de políticas públicas
CADG,1.0,CENPE,Identifica problemas públicos relevantes
CADG,1.0,CENPE,Promove e fomenta análises interdisciplinares
CADG,1.0,CENPE,Elabora diagnósticos de órgãos do Ministério Público
CADG,1.0,CENPE,Produz conhecimento com análise crítica
CADG,1.0,CENPE,Apoia os CAOs e grupos
CADG,1.0,CENPE,Faz experimentos
CADG,1.0,STIC,Desenvolve sistemas de tecnologia da informação de uso interno
CADG,1.0,STIC,Implementa programa de segurança da informação
CADG,1.0,STIC,Implementa programa e medidas de proteção de dados em poder do MPRJ
CADG,1.0,STIC,Dá suporte ou faz a aquisição de produtos de TIC institucionais
CADG,1.0,STIC,Faz a gestão do parque de infraestrutura e tecnologia e telecomunicação do MPRJ
CADG,1.0,STIC,Coleta dados da atuação institucional
CADG,1.0,STIC,Apoia os CAOs e grupos
CADG,1.0,STIC,Faz experimentos
CADG,1.0,GATE,Oferece consultoria técnica
CADG,1.0,GATE,Dá suporte técnico a casos concretos de atuação do MPRJ
CADG,1.0,GATE,Dá suporte técnico e científico para temas relacionados à atividade-fim do MPRJ
CADG,1.0,GATE,Promove e organiza a gestão do conhecimento técnico do MPRJ
CADG,1.0,GATE,Apoia os CAOs e grupos
CADG,1.0,GATE,Faz experimentos
CADG,1.0,CADG,"Coleta, analisa e sistematiza dados internos e externos georreferenciados"
CADG,1.0,CADG,Difunde informação de interesse social a partir da coleta e análise de dados
CADG,1.0,CADG,Desenvolve aplicações a partir da análise de dados internos e externos
CADG,1.0,CADG,"Coleta, trata, guarda e disponibiliza dados internos e externos"
CADG,1.0,CADG,Desenvolve e gerencia plataformas de divulgação de informações de interesse social
CADG,1.0,CADG,Desenvolve visualizações estáticas e interativas de dados processados
CADG,1.0,CADG,Gerencia bancos de dados com informações
CADG,1.0,CADG,"Fomenta transparência, inclusão e participação a gestão pública"
CADG,1.0,CADG,Apoia os CAOs e grupos
CADG,1.0,CADG,Faz experimentos
CADG,1.0,INOVA,Difunde inovação e boas práticas sobre administração pública
CADG,1.0,INOVA,Difunde a cultura e métodos de ideação e inovação
CADG,1.0,INOVA,Prospecta no Brasil e no mundo tendências e iniciativas de inovação
CADG,1.0,INOVA,Fomenta inovação
CADG,1.0,INOVA,Apoia os CAOs e grupos
CADG,1.0,INOVA,Faz experimentos
CADG,1.0,IEP,Oferece o apoio pedagógico e logístico às ações treinamento
CADG,1.0,IEP,Dissemina conhecimento
CADG,1.0,IEP,Difunde os métodos de pesquisa científica e uso de evidências 
CADG,1.0,IEP,Interage e compartilha conhecimento com outras instituições de ensino e pesquisa
CADG,1.0,IEP,Apoia os CAOs e grupos
CADG,1.0,IEP,Faz experimentos
CADG,1.0,CSI,Monitora dados relativos a presos e organizações criminosas
CADG,1.0,CSI,Usa ferramentas de ciências de dados para o suporte a investigações criminais
CADG,1.0,CSI,Apoia os CAOs e grupos
CADG,1.0,CSI,Faz experimentos
CADG,1.0,SUBPLAN,Promove a atuação sistêmica do MPRJ
CADG,1.0,SUBPLAN,Contribuição para a eleição de prioridades de atuação do MPRJ
CADG,1.0,SUBPLAN,Fomenta e dá suporte à integração e trabalho em conjunto entre diversos órgãos
CADG,1.0,SUBPLAN,Avalia fluxos e processos
CADG,1.0,SUBPLAN,Apoia os CAOs e grupos
CADG,1.0,SUBPLAN,Faz experimentos
CADG,1.0,NINGUÉM,Desenvolve aplicações a partir da análise de dados internos e externos
CADG,2.0,IEP,Realiza revisões de literatura e de iniciativas de políticas públicas
CADG,2.0,IEP,Oferece o apoio pedagógico e logístico às ações treinamento
CADG,2.0,IEP,Difunde conhecimento sobre o funcionamento e a atuação do MPRJ
CADG,2.0,IEP,Interage e compartilha conhecimento com outras instituições de ensino e pesquisa
CADG,2.0,IEP,Fomenta e dá suporte à integração e trabalho em conjunto entre diversos órgãos
CADG,2.0,IEP,Coleta dados da atuação institucional
CADG,2.0,IEP,Produz conhecimento com análise crítica
CADG,2.0,IEP,Dissemina conhecimento
CADG,2.0,IEP,Apoia os CAOs e grupos
CADG,2.0,IEP,Potencializa o impacto social do MPRJ
CADG,2.0,IEP,Estimula a criação de rede de atores internos e externos
CADG,2.0,IEP,Estimula e apoia a contribuição de atores externos ao trabalho dos órgãos do MPRJ
CADG,2.0,IEP,"Fomenta inovação, transparência, inclusão e participação na gestão pública"
CADG,2.0,IEP,Promove a atuação sistêmica do MPRJ
CADG,2.0,CSI,Monitora dados relativos a presos e organizações criminosas
CADG,2.0,CSI,Gerencia bancos de dados com informações sensíveis e sigilosas
CADG,2.0,CSI,Implementa programa de segurança da informação
CADG,2.0,CSI,Implementa programa e medidas de proteção de dados em poder do MPRJ
CADG,2.0,CSI,Fomenta e dá suporte à integração e trabalho em conjunto entre diversos órgãos
CADG,2.0,CSI,Coleta dados da atuação institucional
CADG,2.0,CSI,Produz conhecimento com análise crítica
CADG,2.0,CSI,Dissemina conhecimento
CADG,2.0,CSI,Apoia os CAOs e grupos
CADG,2.0,CSI,Potencializa o impacto social do MPRJ
CADG,2.0,CSI,Estimula a criação de rede de atores internos e externos
CADG,2.0,CSI,Estimula e apoia a contribuição de atores externos ao trabalho dos órgãos do MPRJ
CADG,2.0,CSI,"Fomenta inovação, transparência, inclusão e participação na gestão pública"
CADG,2.0,CSI,Promove a atuação sistêmica do MPRJ
CADG,2.0,STIC,Faz a gestão do portal do MPRJ e da programação visual do site do MPRJ
CADG,2.0,STIC,Desenvolve sites para campanhas e casos de atuação do MPRJ
CADG,2.0,STIC,Desenvolve sistemas de tecnologia da informação de uso interno
CADG,2.0,STIC,Dá suporte ou faz a aquisição de produtos de TIC institucionais
CADG,2.0,STIC,Faz a gestão do parque de infraestrutura e tecnologia e telecomunicação do MPRJ
CADG,2.0,STIC,Fomenta e dá suporte à integração e trabalho em conjunto entre diversos órgãos
CADG,2.0,STIC,Coleta dados da atuação institucional
CADG,2.0,STIC,Produz conhecimento com análise crítica
CADG,2.0,STIC,Dissemina conhecimento
CADG,2.0,STIC,Apoia os CAOs e grupos
CADG,2.0,STIC,Potencializa o impacto social do MPRJ
CADG,2.0,STIC,Estimula a criação de rede de atores internos e externos
CADG,2.0,STIC,Estimula e apoia a contribuição de atores externos ao trabalho dos órgãos do MPRJ
CADG,2.0,STIC,"Fomenta inovação, transparência, inclusão e participação na gestão pública"
CADG,2.0,STIC,Promove a atuação sistêmica do MPRJ
CADG,2.0,GATE,Dá suporte técnico a casos concretos de atuação do MPRJ
CADG,2.0,GATE,Promove e organiza a gestão do conhecimento técnico do MPRJ
CADG,2.0,GATE,Dá suporte técnico e científico para temas relacionados à atividade-fim do MPRJ
CADG,2.0,GATE,Oferece consultoria técnica
CADG,2.0,GATE,Fomenta e dá suporte à integração e trabalho em conjunto entre diversos órgãos
CADG,2.0,GATE,Coleta dados da atuação institucional
CADG,2.0,GATE,Produz conhecimento com análise crítica
CADG,2.0,GATE,Dissemina conhecimento
CADG,2.0,GATE,Apoia os CAOs e grupos
CADG,2.0,GATE,Potencializa o impacto social do MPRJ
CADG,2.0,GATE,Estimula a criação de rede de atores internos e externos
CADG,2.0,GATE,Estimula e apoia a contribuição de atores externos ao trabalho dos órgãos do MPRJ
CADG,2.0,GATE,"Fomenta inovação, transparência, inclusão e participação na gestão pública"
CADG,2.0,GATE,Promove a atuação sistêmica do MPRJ
CADG,2.0,INOVA,Desenha e conduz avaliações de impacto para processos e iniciativas do MPRJ
CADG,2.0,INOVA,Faz experimentos
CADG,2.0,INOVA,Avalia fluxos e processos
CADG,2.0,INOVA,Difunde inovação e boas práticas sobre administração pública
CADG,2.0,INOVA,Contribuição para a eleição de prioridades de atuação do MPRJ
CADG,2.0,INOVA,Difunde a cultura e métodos de ideação e inovação
CADG,2.0,INOVA,Prospecta no Brasil e no mundo tendências e iniciativas de inovação
CADG,2.0,INOVA,Fomenta e dá suporte à integração e trabalho em conjunto entre diversos órgãos
CADG,2.0,INOVA,Coleta dados da atuação institucional
CADG,2.0,INOVA,Produz conhecimento com análise crítica
CADG,2.0,INOVA,Dissemina conhecimento
CADG,2.0,INOVA,Apoia os CAOs e grupos
CADG,2.0,INOVA,Potencializa o impacto social do MPRJ
CADG,2.0,INOVA,Estimula a criação de rede de atores internos e externos
CADG,2.0,INOVA,Estimula e apoia a contribuição de atores externos ao trabalho dos órgãos do MPRJ
CADG,2.0,INOVA,"Fomenta inovação, transparência, inclusão e participação na gestão pública"
CADG,2.0,INOVA,Promove a atuação sistêmica do MPRJ
CADG,2.0,CADG,Desenvolve sistemas a partir da análise de dados externos e internos
CADG,2.0,CADG,Desenvolve e gerencia plataformas de divulgação de informações de interesse social
CADG,2.0,CADG,Promove e fomenta análises interdisciplinares
CADG,2.0,CADG,Elabora diagnósticos de órgãos do Ministério Público
CADG,2.0,CADG,Difunde informação de interesse social a partir da coleta e análise de dados
CADG,2.0,CADG,Desenvolve aplicações a partir da análise de dados internos e externos
CADG,2.0,CADG,"Coleta, trata, guarda e disponibiliza dados internos e externos"
CADG,2.0,CADG,"Coleta, analisa e sistematiza dados internos e externos georreferenciados"
CADG,2.0,CADG,Desenvolve visualizações estáticas e interativas de dados processados
CADG,2.0,CADG,Usa ferramentas de ciências de dados para o suporte a investigações criminais
CADG,2.0,CADG,Fomenta e dá suporte à integração e trabalho em conjunto entre diversos órgãos
CADG,2.0,CADG,Coleta dados da atuação institucional
CADG,2.0,CADG,Produz conhecimento com análise crítica
CADG,2.0,CADG,Dissemina conhecimento
CADG,2.0,CADG,Apoia os CAOs e grupos
CADG,2.0,CADG,Potencializa o impacto social do MPRJ
CADG,2.0,CADG,Estimula a criação de rede de atores internos e externos
CADG,2.0,CADG,Estimula e apoia a contribuição de atores externos ao trabalho dos órgãos do MPRJ
CADG,2.0,CADG,"Fomenta inovação, transparência, inclusão e participação na gestão pública"
CADG,2.0,CADG,Promove a atuação sistêmica do MPRJ
CADG,2.0,CENPE,Desenvolve sistemas a partir da análise de dados externos e internos
CADG,2.0,CENPE,Desenvolve e gerencia plataformas de divulgação de informações de interesse social
CADG,2.0,CENPE,Promove e fomenta análises interdisciplinares
CADG,2.0,CENPE,Identifica problemas públicos relevantes
CADG,2.0,CENPE,Iniciativas de políticas públicas
CADG,2.0,CENPE,Difunde os métodos de pesquisa científica e uso de evidências 
CADG,2.0,CENPE,Avalia a efetividade das políticas públicas
CADG,2.0,CENPE,Fomenta e dá suporte à integração e trabalho em conjunto entre diversos órgãos
CADG,2.0,CENPE,Coleta dados da atuação institucional
CADG,2.0,CENPE,Produz conhecimento com análise crítica
CADG,2.0,CENPE,Dissemina conhecimento
CADG,2.0,CENPE,Apoia os CAOs e grupos
CADG,2.0,CENPE,Potencializa o impacto social do MPRJ
CADG,2.0,CENPE,Estimula a criação de rede de atores internos e externos
CADG,2.0,CENPE,Estimula e apoia a contribuição de atores externos ao trabalho dos órgãos do MPRJ
CADG,2.0,CENPE,"Fomenta inovação, transparência, inclusão e participação na gestão pública"
CADG,2.0,CENPE,Promove a atuação sistêmica do MPRJ
CENPE,1.0,CSI,Usa ferramentas de ciências de dados para o suporte a investigações criminais
CENPE,1.0,CSI,Monitora dados relativos a presos e organizações criminosas
CENPE,1.0,CSI,Gerencia bancos de dados com informações sensíveis e sigilosas
CENPE,1.0,STIC,Dá suporte ou faz a aquisição de produtos de TIC institucionais
CENPE,1.0,STIC,Desenvolve sites para campanhas e casos de atuação do MPRJ
CENPE,1.0,STIC,Faz a gestão do portal do MPRJ e da programação visual do site do MPRJ
CENPE,1.0,STIC,Faz a gestão do parque de infraestrutura e tecnologia e telecomunicação do MPRJ
CENPE,1.0,STIC,Desenvolve sistemas de tecnologia da informação de uso interno
CENPE,1.0,STIC,Implementa programa de segurança da informação
CENPE,1.0,STIC,Implementa programa e medidas de proteção de dados em poder do MPRJ
CENPE,1.0,GATE,Dá suporte técnico a casos concretos de atuação do MPRJ
CENPE,1.0,GATE,Dá suporte técnico e científico para temas relacionados à atividade-fim do MPRJ
CENPE,1.0,GATE,Oferece consultoria técnica
CENPE,1.0,GATE,Potencializa o impacto social do MPRJ
CENPE,1.0,CADG,Desenvolve visualizações estáticas e interativas de dados processados
CENPE,1.0,CADG,"Coleta, analisa e sistematiza dados internos e externos georreferenciados"
CENPE,1.0,CADG,"Coleta, trata, guarda e disponibiliza dados internos e externos"
CENPE,1.0,CADG,Coleta dados da atuação institucional
CENPE,1.0,CADG,Desenvolve e gerencia plataformas de divulgação de informações de interesse social
CENPE,1.0,CADG,Desenvolve sistemas a partir da análise de dados externos e internos
CENPE,1.0,CADG,Difunde informação de interesse social a partir da coleta e análise de dados
CENPE,1.0,CADG,Difunde conhecimento sobre o funcionamento e a atuação do MPRJ
CENPE,1.0,CADG,Desenvolve aplicações a partir da análise de dados internos e externos
CENPE,1.0,CADG,Estimula a criação de rede de atores internos e externos
CENPE,1.0,CADG,Apoia os CAOs e grupos
CENPE,1.0,CADG,Contribuição para a eleição de prioridades de atuação do MPRJ
CENPE,1.0,CADG,Produz conhecimento com análise crítica
CENPE,1.0,CENPE,Desenvolve visualizações estáticas e interativas de dados processados
CENPE,1.0,CENPE,Avalia a efetividade das políticas públicas
CENPE,1.0,CENPE,Promove e fomenta análises interdisciplinares
CENPE,1.0,CENPE,Difunde os métodos de pesquisa científica e uso de evidências 
CENPE,1.0,CENPE,Identifica problemas públicos relevantes
CENPE,1.0,CENPE,Desenha e conduz avaliações de impacto para processos e iniciativas do MPRJ
CENPE,1.0,CENPE,Apoia os CAOs e grupos
CENPE,1.0,CENPE,Contribuição para a eleição de prioridades de atuação do MPRJ
CENPE,1.0,CENPE,Produz conhecimento com análise crítica
CENPE,1.0,CENPE,Avalia fluxos e processos
CENPE,1.0,CENPE,Realiza revisões de literatura e de iniciativas de políticas públicas
CENPE,1.0,INOVA,Faz experimentos
CENPE,1.0,INOVA,Difunde a cultura e métodos de ideação e inovação
CENPE,1.0,INOVA,"Fomenta inovação, transparência, inclusão e participação na gestão pública"
CENPE,1.0,INOVA,Prospecta no Brasil e no mundo tendências e iniciativas de inovação
CENPE,1.0,INOVA,Fomenta e dá suporte à integração e trabalho em conjunto entre diversos órgãos
CENPE,1.0,INOVA,Apoia os CAOs e grupos
CENPE,1.0,INOVA,Contribuição para a eleição de prioridades de atuação do MPRJ
CENPE,1.0,INOVA,Produz conhecimento com análise crítica
CENPE,1.0,IEP,Promove e organiza a gestão do conhecimento técnico do MPRJ
CENPE,1.0,IEP,Oferece o apoio pedagógico e logístico às ações treinamento
CENPE,1.0,IEP,Interage e compartilha conhecimento com outras instituições de ensino e pesquisa
CENPE,1.0,IEP,Realiza revisões de literatura e de iniciativas de políticas públicas
CENPE,1.0,IEP,Estimula e apoia a contribuição de atores externos ao trabalho dos órgãos do MPRJ
CENPE,1.0,IEP,Dissemina conhecimento
CENPE,1.0,IEP,Difunde inovação e boas práticas sobre administração pública
CENPE,1.0,IEP,Apoia os CAOs e grupos
CENPE,1.0,IEP,Contribuição para a eleição de prioridades de atuação do MPRJ
CENPE,1.0,IEP,Produz conhecimento com análise crítica
CENPE,1.0,SUBPLAN,Promove a atuação sistêmica do MPRJ
CENPE,1.0,SUBPLAN,Potencializa o impacto social do MPRJ
CENPE,1.0,SUBPLAN,Elabora diagnósticos de órgãos do Ministério Público
CENPE,1.0,SUBPLAN,Avalia fluxos e processos
CENPE,2.0,INOVA,Faz experimentos
CENPE,2.0,INOVA,Difunde a cultura e métodos de ideação e inovação
CENPE,2.0,INOVA,Prospecta no Brasil e no mundo tendências e iniciativas de inovação
CENPE,2.0,INOVA,Fomenta e dá suporte à integração e trabalho em conjunto entre diversos órgãos
CENPE,2.0,INOVA,Estimula a criação de rede de atores internos e externos
CENPE,2.0,INOVA,Interage com atores externos para implementação de mudanças
CENPE,2.0,INOVA,Fomenta a inclusão social
CENPE,2.0,INOVA,Potencializa o impacto social do MPRJ
CENPE,2.0,INOVA,Promove a atuação sistêmica do MPRJ
CENPE,2.0,INOVA,Fomenta a transparência
CENPE,2.0,CENPE,Avalia fluxos e processos
CENPE,2.0,CENPE,Desenha e conduz avaliações de impacto para processos e iniciativas do MPRJ
CENPE,2.0,CENPE,Realiza revisões de literatura e de iniciativas de políticas públicas
CENPE,2.0,CENPE,Promove e fomenta análises interdisciplinares
CENPE,2.0,CENPE,Difunde os métodos de pesquisa científica e uso de evidências 
CENPE,2.0,CENPE,Identifica problemas públicos relevantes
CENPE,2.0,CENPE,Produz conhecimento com análise crítica
CENPE,2.0,CENPE,Avalia a efetividade das políticas públicas
CENPE,2.0,CENPE,Medir custos
CENPE,2.0,CENPE,Contribuição para a eleição de prioridades de atuação do MPRJ
CENPE,2.0,CENPE,Elabora diagnósticos de órgãos do Ministério Público
CENPE,2.0,CENPE,Apoia os CAOs e grupos
CENPE,2.0,CENPE,Interage com atores externos para difusão do conhecimento
CENPE,2.0,CENPE,Potencializa o impacto social do MPRJ
CENPE,2.0,CENPE,Promove a atuação sistêmica do MPRJ
CENPE,2.0,CENPE,Fomenta a transparência
CENPE,2.0,CADG,Desenvolve e gerencia plataformas de divulgação de informações de interesse social
CENPE,2.0,CADG,"Coleta, trata, guarda e disponibiliza dados internos e externos"
CENPE,2.0,CADG,Desenvolve sistemas a partir da análise de dados externos e internos
CENPE,2.0,CADG,"Coleta, analisa e sistematiza dados internos e externos georreferenciados"
CENPE,2.0,CADG,Desenvolve visualizações estáticas e interativas de dados processados
CENPE,2.0,CADG,Difunde informação de interesse social a partir da coleta e análise de dados
CENPE,2.0,CADG,Desenvolve aplicações a partir da análise de dados internos e externos
CENPE,2.0,CADG,Potencializa o impacto social do MPRJ
CENPE,2.0,CADG,Promove a atuação sistêmica do MPRJ
CENPE,2.0,CADG,Fomenta a transparência
CENPE,2.0,IEP,Oferece o apoio pedagógico e logístico às ações treinamento
CENPE,2.0,IEP,Difunde conhecimento sobre o funcionamento e a atuação do MPRJ
CENPE,2.0,IEP,Interage e compartilha conhecimento com outras instituições de ensino e pesquisa
CENPE,2.0,IEP,Dissemina conhecimento
CENPE,2.0,IEP,Difunde inovação e boas práticas sobre administração pública
CENPE,2.0,IEP,Potencializa o impacto social do MPRJ
CENPE,2.0,IEP,Promove a atuação sistêmica do MPRJ
CENPE,2.0,IEP,Fomenta a transparência
CENPE,2.0,STIC,Desenvolve sites para campanhas e casos de atuação do MPRJ
CENPE,2.0,STIC,Dá suporte ou faz a aquisição de produtos de TIC institucionais
CENPE,2.0,STIC,Faz a gestão do portal do MPRJ e da programação visual do site do MPRJ
CENPE,2.0,STIC,Desenvolve sistemas de tecnologia da informação de uso interno
CENPE,2.0,STIC,Implementa programa de segurança da informação
CENPE,2.0,STIC,Faz a gestão do parque de infraestrutura e tecnologia e telecomunicação do MPRJ
CENPE,2.0,STIC,Implementa programa e medidas de proteção de dados em poder do MPRJ
CENPE,2.0,STIC,Coleta dados da atuação institucional
CENPE,2.0,STIC,Potencializa o impacto social do MPRJ
CENPE,2.0,STIC,Promove a atuação sistêmica do MPRJ
CENPE,2.0,STIC,Fomenta a transparência
CENPE,2.0,GATE,Oferece consultoria técnica
CENPE,2.0,GATE,Promove e organiza a gestão do conhecimento técnico do MPRJ
CENPE,2.0,GATE,Dá suporte técnico a casos concretos de atuação do MPRJ
CENPE,2.0,GATE,Dá suporte técnico e científico para temas relacionados à atividade-fim do MPRJ
CENPE,2.0,CSI,Monitora dados relativos a presos e organizações criminosas
CENPE,2.0,CSI,Gerencia bancos de dados com informações sensíveis e sigilosas
CENPE,2.0,CSI,Usa ferramentas de ciências de dados para o suporte a investigações criminais
CENPE,2.0,NINGUÉM,"Fomenta inovação, transparência, inclusão e participação na gestão pública"
CENPE,2.0,NINGUÉM,Estimula e apoia a contribuição de atores externos ao trabalho dos órgãos do MPRJ
GATE,1.0,INOVA,"Fomenta inovação, transparência, inclusão e participação na gestão pública"
GATE,1.0,INOVA,Difunde a cultura e métodos de ideação e inovação
GATE,1.0,INOVA,Desenha e conduz avaliações de impacto para processos e iniciativas do MPRJ
GATE,1.0,INOVA,Faz experimentos
GATE,1.0,INOVA,Prospecta no Brasil e no mundo tendências e iniciativas de inovação
GATE,1.0,STIC,Desenvolve sistemas de tecnologia da informação de uso interno
GATE,1.0,STIC,Desenvolve sites para campanhas e casos de atuação do MPRJ
GATE,1.0,STIC,Faz a gestão do parque de infraestrutura e tecnologia e telecomunicação do MPRJ
GATE,1.0,STIC,Faz a gestão do portal do MPRJ e da programação visual do site do MPRJ
GATE,1.0,STIC,Implementa programa de segurança da informação
GATE,1.0,STIC,Implementa programa e medidas de proteção de dados em poder do MPRJ
GATE,1.0,STIC,Dá suporte ou faz a aquisição de produtos de TIC institucionais
GATE,1.0,STIC,Elabora diagnósticos de órgãos do Ministério Público
GATE,1.0,STIC,Desenvolve sistemas a partir da análise de dados externos e internos
GATE,1.0,STIC,Desenvolve aplicações a partir da análise de dados internos e externos
GATE,1.0,STIC,Coleta dados da atuação institucional
GATE,1.0,STIC,Difunde informação de interesse social a partir da coleta e análise de dados
GATE,1.0,STIC,Desenvolve visualizações estáticas e interativas de dados processados
GATE,1.0,STIC,Desenvolve e gerencia plataformas de divulgação de informações de interesse social
GATE,1.0,CENPE,Apoia os CAOs e grupos
GATE,1.0,CENPE,Dá suporte técnico a casos concretos de atuação do MPRJ
GATE,1.0,CENPE,Produz conhecimento com análise crítica
GATE,1.0,CENPE,Oferece consultoria técnica
GATE,1.0,CENPE,Dá suporte técnico e científico para temas relacionados à atividade-fim do MPRJ
GATE,1.0,CENPE,Promove e organiza a gestão do conhecimento técnico do MPRJ
GATE,1.0,CENPE,Avalia a efetividade das políticas públicas
GATE,1.0,CENPE,Promove e fomenta análises interdisciplinares
GATE,1.0,CENPE,Difunde os métodos de pesquisa científica e uso de evidências 
GATE,1.0,CENPE,Contribuição para a eleição de prioridades de atuação do MPRJ
GATE,1.0,CENPE,"Coleta, analisa e sistematiza dados internos e externos georreferenciados"
GATE,1.0,CENPE,"Coleta, trata, guarda e disponibiliza dados internos e externos"
GATE,1.0,CENPE,Identifica problemas públicos relevantes
GATE,1.0,CENPE,Realiza revisões de literatura e de iniciativas de políticas públicas
GATE,1.0,CADG,Apoia os CAOs e grupos
GATE,1.0,CADG,Dá suporte técnico a casos concretos de atuação do MPRJ
GATE,1.0,CADG,Produz conhecimento com análise crítica
GATE,1.0,CADG,Oferece consultoria técnica
GATE,1.0,CADG,Dá suporte técnico e científico para temas relacionados à atividade-fim do MPRJ
GATE,1.0,CADG,Promove e organiza a gestão do conhecimento técnico do MPRJ
GATE,1.0,CADG,Avalia a efetividade das políticas públicas
GATE,1.0,CADG,Promove e fomenta análises interdisciplinares
GATE,1.0,CADG,Difunde os métodos de pesquisa científica e uso de evidências 
GATE,1.0,CADG,Contribuição para a eleição de prioridades de atuação do MPRJ
GATE,1.0,CADG,"Coleta, analisa e sistematiza dados internos e externos georreferenciados"
GATE,1.0,CADG,"Coleta, trata, guarda e disponibiliza dados internos e externos"
GATE,1.0,CADG,Identifica problemas públicos relevantes
GATE,1.0,CADG,Realiza revisões de literatura e de iniciativas de políticas públicas
GATE,1.0,CADG,"Fomenta inovação, transparência, inclusão e participação na gestão pública"
GATE,1.0,GATE,Apoia os CAOs e grupos
GATE,1.0,GATE,Dá suporte técnico a casos concretos de atuação do MPRJ
GATE,1.0,GATE,Produz conhecimento com análise crítica
GATE,1.0,GATE,Oferece consultoria técnica
GATE,1.0,GATE,Dá suporte técnico e científico para temas relacionados à atividade-fim do MPRJ
GATE,1.0,GATE,Promove e organiza a gestão do conhecimento técnico do MPRJ
GATE,1.0,GATE,Avalia a efetividade das políticas públicas
GATE,1.0,GATE,Promove e fomenta análises interdisciplinares
GATE,1.0,GATE,Difunde os métodos de pesquisa científica e uso de evidências 
GATE,1.0,GATE,Contribuição para a eleição de prioridades de atuação do MPRJ
GATE,1.0,GATE,"Coleta, analisa e sistematiza dados internos e externos georreferenciados"
GATE,1.0,GATE,"Coleta, trata, guarda e disponibiliza dados internos e externos"
GATE,1.0,GATE,Identifica problemas públicos relevantes
GATE,1.0,GATE,Realiza revisões de literatura e de iniciativas de políticas públicas
GATE,1.0,CSI,Usa ferramentas de ciências de dados para o suporte a investigações criminais
GATE,1.0,CSI,Monitora dados relativos a presos e organizações criminosas
GATE,1.0,CSI,Gerencia bancos de dados com informações sensíveis e sigilosas
GATE,1.0,IEP,Dissemina conhecimento
GATE,1.0,IEP,Interage e compartilha conhecimento com outras instituições de ensino e pesquisa
GATE,1.0,IEP,Difunde conhecimento sobre o funcionamento e a atuação do MPRJ
GATE,1.0,IEP,Oferece o apoio pedagógico e logístico às ações treinamento
GATE,1.0,IEP,Potencializa o impacto social do MPRJ
GATE,1.0,SUBPLAN,Promove a atuação sistêmica do MPRJ
GATE,1.0,SUBPLAN,Avalia fluxos e processos
GATE,1.0,SUBPLAN,Difunde inovação e boas práticas sobre administração pública
GATE,1.0,SUBPLAN,Estimula a criação de rede de atores internos e externos
GATE,1.0,SUBPLAN,Estimula e apoia a contribuição de atores externos ao trabalho dos órgãos do MPRJ
GATE,1.0,SUBPLAN,Fomenta e dá suporte à integração e trabalho em conjunto entre diversos órgãos
GATE,2.0,COMUNICAÇÃO,Difunde conhecimento sobre o funcionamento e a atuação do MPRJ
GATE,2.0,COMUNICAÇÃO,Potencializa o impacto social do MPRJ
GATE,2.0,COMUNICAÇÃO,Apoia os CAOs e grupos
GATE,2.0,OUVIDORIA,Potencializa o impacto social do MPRJ
GATE,2.0,NÚCLEO DE ARTICULAÇÃO INTEGRADA,Fomenta e dá suporte à integração e trabalho em conjunto entre diversos órgãos
GATE,2.0,NÚCLEO DE ARTICULAÇÃO INTEGRADA,Apoia os CAOs e grupos
GATE,2.0,IEP,Oferece o apoio pedagógico e logístico às ações treinamento
GATE,2.0,IEP,Dissemina conhecimento
GATE,2.0,IEP,Interage e compartilha conhecimento com outras instituições de ensino e pesquisa
GATE,2.0,IEP,Estimula e apoia a contribuição de atores externos ao trabalho dos órgãos do MPRJ
GATE,2.0,IEP,Estimula a criação de rede de atores internos e externos
GATE,2.0,IEP,Identifica problemas públicos relevantes
GATE,2.0,IEP,Difunde os métodos de pesquisa científica e uso de evidências 
GATE,2.0,IEP,Avalia a efetividade das políticas públicas
GATE,2.0,IEP,Realiza revisões de literatura e de iniciativas de políticas públicas
GATE,2.0,IEP,Apoia os CAOs e grupos
GATE,2.0,CENPE,Oferece o apoio pedagógico e logístico às ações treinamento
GATE,2.0,CENPE,Dissemina conhecimento
GATE,2.0,CENPE,Interage e compartilha conhecimento com outras instituições de ensino e pesquisa
GATE,2.0,CENPE,Estimula e apoia a contribuição de atores externos ao trabalho dos órgãos do MPRJ
GATE,2.0,CENPE,Estimula a criação de rede de atores internos e externos
GATE,2.0,CENPE,Identifica problemas públicos relevantes
GATE,2.0,CENPE,Difunde os métodos de pesquisa científica e uso de evidências 
GATE,2.0,CENPE,Avalia a efetividade das políticas públicas
GATE,2.0,CENPE,Realiza revisões de literatura e de iniciativas de políticas públicas
GATE,2.0,CENPE,Apoia os CAOs e grupos
GATE,2.0,GATE,Difunde informação de interesse social a partir da coleta e análise de dados
GATE,2.0,GATE,Desenvolve aplicações a partir da análise de dados internos e externos
GATE,2.0,GATE,Coleta dados da atuação institucional
GATE,2.0,GATE,Desenvolve e gerencia plataformas de divulgação de informações de interesse social
GATE,2.0,GATE,"Coleta, trata, guarda e disponibiliza dados internos e externos"
GATE,2.0,GATE,"Coleta, analisa e sistematiza dados internos e externos georreferenciados"
GATE,2.0,GATE,Desenvolve visualizações estáticas e interativas de dados processados
GATE,2.0,GATE,Produz conhecimento com análise crítica
GATE,2.0,GATE,Promove e fomenta análises interdisciplinares
GATE,2.0,GATE,Oferece consultoria técnica
GATE,2.0,GATE,Dá suporte técnico a casos concretos de atuação do MPRJ
GATE,2.0,GATE,Dá suporte técnico e científico para temas relacionados à atividade-fim do MPRJ
GATE,2.0,GATE,Promove e organiza a gestão do conhecimento técnico do MPRJ
GATE,2.0,GATE,Apoia os CAOs e grupos
GATE,2.0,CADG,Difunde informação de interesse social a partir da coleta e análise de dados
GATE,2.0,CADG,Desenvolve aplicações a partir da análise de dados internos e externos
GATE,2.0,CADG,Coleta dados da atuação institucional
GATE,2.0,CADG,Desenvolve e gerencia plataformas de divulgação de informações de interesse social
GATE,2.0,CADG,"Coleta, trata, guarda e disponibiliza dados internos e externos"
GATE,2.0,CADG,"Coleta, analisa e sistematiza dados internos e externos georreferenciados"
GATE,2.0,CADG,Desenvolve visualizações estáticas e interativas de dados processados
GATE,2.0,CADG,Produz conhecimento com análise crítica
GATE,2.0,CADG,Promove e fomenta análises interdisciplinares
GATE,2.0,CADG,Oferece consultoria técnica
GATE,2.0,CADG,Dá suporte técnico a casos concretos de atuação do MPRJ
GATE,2.0,CADG,Dá suporte técnico e científico para temas relacionados à atividade-fim do MPRJ
GATE,2.0,CADG,Promove e organiza a gestão do conhecimento técnico do MPRJ
GATE,2.0,CADG,Apoia os CAOs e grupos
GATE,2.0,STIC,Faz a gestão do portal do MPRJ e da programação visual do site do MPRJ
GATE,2.0,STIC,Faz a gestão do parque de infraestrutura e tecnologia e telecomunicação do MPRJ
GATE,2.0,STIC,Implementa programa e medidas de proteção de dados em poder do MPRJ
GATE,2.0,STIC,Implementa programa de segurança da informação
GATE,2.0,STIC,Desenvolve sites para campanhas e casos de atuação do MPRJ
GATE,2.0,STIC,Desenvolve sistemas a partir da análise de dados externos e internos
GATE,2.0,STIC,Desenvolve sistemas de tecnologia da informação de uso interno
GATE,2.0,STIC,Dá suporte ou faz a aquisição de produtos de TIC institucionais
GATE,2.0,STIC,Apoia os CAOs e grupos
GATE,2.0,INOVA,"Fomenta inovação, transparência, inclusão e participação na gestão pública"
GATE,2.0,INOVA,Prospecta no Brasil e no mundo tendências e iniciativas de inovação
GATE,2.0,INOVA,Difunde inovação e boas práticas sobre administração pública
GATE,2.0,INOVA,Faz experimentos
GATE,2.0,INOVA,Difunde a cultura e métodos de ideação e inovação
GATE,2.0,INOVA,Planejamento estratégico
GATE,2.0,INOVA,Desenha e conduz avaliações de impacto para processos e iniciativas do MPRJ
GATE,2.0,INOVA,Avalia fluxos e processos
GATE,2.0,INOVA,Elabora diagnósticos de órgãos do Ministério Público
GATE,2.0,INOVA,Promove a atuação sistêmica do MPRJ
GATE,2.0,INOVA,Contribuição para a eleição de prioridades de atuação do MPRJ
GATE,2.0,INOVA,Apoia os CAOs e grupos
GATE,2.0,SUBPLAN,"Fomenta inovação, transparência, inclusão e participação na gestão pública"
GATE,2.0,SUBPLAN,Prospecta no Brasil e no mundo tendências e iniciativas de inovação
GATE,2.0,SUBPLAN,Difunde inovação e boas práticas sobre administração pública
GATE,2.0,SUBPLAN,Faz experimentos
GATE,2.0,SUBPLAN,Difunde a cultura e métodos de ideação e inovação
GATE,2.0,SUBPLAN,Planejamento estratégico
GATE,2.0,SUBPLAN,Desenha e conduz avaliações de impacto para processos e iniciativas do MPRJ
GATE,2.0,SUBPLAN,Avalia fluxos e processos
GATE,2.0,SUBPLAN,Elabora diagnósticos de órgãos do Ministério Público
GATE,2.0,SUBPLAN,Promove a atuação sistêmica do MPRJ
GATE,2.0,SUBPLAN,Contribuição para a eleição de prioridades de atuação do MPRJ
GATE,2.0,SUBPLAN,Apoia os CAOs e grupos
GATE,2.0,CSI,Monitora dados relativos a presos e organizações criminosas
GATE,2.0,CSI,Gerencia bancos de dados com informações sensíveis e sigilosas
GATE,2.0,CSI,Usa ferramentas de ciências de dados para o suporte a investigações criminais
GATE,2.0,CSI,Apoia os CAOs e grupos
STIC,1.0,INOVA,Prospecta no Brasil e no mundo tendências e iniciativas de inovação
STIC,1.0,INOVA,"Fomenta inovação, transparência, inclusão e participação na gestão pública"
STIC,1.0,INOVA,Difunde a cultura e métodos de ideação e inovação
STIC,1.0,INOVA,Faz experimentos
STIC,1.0,SUBPLAN,Estimula e apoia a contribuição de atores externos ao trabalho dos órgãos do MPRJ
STIC,1.0,SUBPLAN,Fomenta e dá suporte à integração e trabalho em conjunto entre diversos órgãos
STIC,1.0,SUBPLAN,Estimula a criação de rede de atores internos e externos
STIC,1.0,SUBPLAN,Promove a atuação sistêmica do MPRJ
STIC,1.0,SUBPLAN,Potencializa o impacto social do MPRJ
STIC,1.0,SUBPLAN,Avalia fluxos e processos
STIC,1.0,SUBPLAN,Contribuição para a eleição de prioridades de atuação do MPRJ
STIC,1.0,SUBPLAN,Realiza revisões de literatura e de iniciativas de políticas públicas
STIC,1.0,SUBPLAN,Identifica problemas públicos relevantes
STIC,1.0,SUBPLAN,Difunde os métodos de pesquisa científica e uso de evidências 
STIC,1.0,SUBPLAN,Difunde informação de interesse social a partir da coleta e análise de dados
STIC,1.0,SUBPLAN,Avalia a efetividade das políticas públicas
STIC,1.0,SUBPLAN,Elabora diagnósticos de órgãos do Ministério Público
STIC,1.0,SUBPLAN,Promove e fomenta análises interdisciplinares
STIC,1.0,SUBPLAN,Desenha e conduz avaliações de impacto para processos e iniciativas do MPRJ
STIC,1.0,SUBPLAN,Faz experimentos
STIC,1.0,APMOD,Avalia fluxos e processos
STIC,1.0,APMOD,Contribuição para a eleição de prioridades de atuação do MPRJ
STIC,1.0,APMOD,Faz experimentos
STIC,1.0,CENPE,Realiza revisões de literatura e de iniciativas de políticas públicas
STIC,1.0,CENPE,Identifica problemas públicos relevantes
STIC,1.0,CENPE,Difunde os métodos de pesquisa científica e uso de evidências 
STIC,1.0,CENPE,Difunde informação de interesse social a partir da coleta e análise de dados
STIC,1.0,CENPE,Avalia a efetividade das políticas públicas
STIC,1.0,CENPE,Elabora diagnósticos de órgãos do Ministério Público
STIC,1.0,CENPE,Promove e fomenta análises interdisciplinares
STIC,1.0,CENPE,Desenha e conduz avaliações de impacto para processos e iniciativas do MPRJ
STIC,1.0,CENPE,Faz experimentos
STIC,1.0,CENPE,Coleta dados da atuação institucional
STIC,1.0,IEP,Difunde inovação e boas práticas sobre administração pública
STIC,1.0,IEP,Oferece o apoio pedagógico e logístico às ações treinamento
STIC,1.0,IEP,Interage e compartilha conhecimento com outras instituições de ensino e pesquisa
STIC,1.0,IEP,Dissemina conhecimento
STIC,1.0,IEP,Promove e organiza a gestão do conhecimento técnico do MPRJ
STIC,1.0,IEP,Difunde conhecimento sobre o funcionamento e a atuação do MPRJ
STIC,1.0,IEP,Faz experimentos
STIC,1.0,ESCRITÓRIO DE GOVERNO,Implementa programa e medidas de proteção de dados em poder do MPRJ
STIC,1.0,ESCRITÓRIO DE GOVERNO,Desenvolve sistemas de tecnologia da informação de uso interno
STIC,1.0,ESCRITÓRIO DE GOVERNO,Desenvolve sistemas a partir da análise de dados externos e internos
STIC,1.0,ESCRITÓRIO DE GOVERNO,Desenvolve sites para campanhas e casos de atuação do MPRJ
STIC,1.0,ESCRITÓRIO DE GOVERNO,Faz a gestão do portal do MPRJ e da programação visual do site do MPRJ
STIC,1.0,ESCRITÓRIO DE GOVERNO,Dá suporte ou faz a aquisição de produtos de TIC institucionais
STIC,1.0,ESCRITÓRIO DE GOVERNO,Desenvolve aplicações a partir da análise de dados internos e externos
STIC,1.0,ESCRITÓRIO DE GOVERNO,Coleta dados da atuação institucional
STIC,1.0,ESCRITÓRIO DE GOVERNO,Desenvolve visualizações estáticas e interativas de dados processados
STIC,1.0,ESCRITÓRIO DE GOVERNO,Desenvolve e gerencia plataformas de divulgação de informações de interesse social
STIC,1.0,ESCRITÓRIO DE GOVERNO,Faz a gestão do parque de infraestrutura e tecnologia e telecomunicação do MPRJ
STIC,1.0,ESCRITÓRIO DE GOVERNO,Implementa programa de segurança da informação
STIC,1.0,ESCRITÓRIO DE GOVERNO,"Coleta, analisa e sistematiza dados internos e externos georreferenciados"
STIC,1.0,ESCRITÓRIO DE GOVERNO,"Coleta, trata, guarda e disponibiliza dados internos e externos"
STIC,1.0,ESCRITÓRIO DE GOVERNO,Usa ferramentas de ciências de dados para o suporte a investigações criminais
STIC,1.0,ESCRITÓRIO DE GOVERNO,Produz conhecimento com análise crítica
STIC,1.0,ESCRITÓRIO DE GOVERNO,Faz experimentos
STIC,1.0,ESCRITÓRIO DE GOVERNO,Difunde inovação e boas práticas sobre administração pública
STIC,1.0,CADG,Implementa programa e medidas de proteção de dados em poder do MPRJ
STIC,1.0,CADG,Desenvolve sistemas de tecnologia da informação de uso interno
STIC,1.0,CADG,Desenvolve sistemas a partir da análise de dados externos e internos
STIC,1.0,CADG,Desenvolve sites para campanhas e casos de atuação do MPRJ
STIC,1.0,CADG,Faz a gestão do portal do MPRJ e da programação visual do site do MPRJ
STIC,1.0,CADG,Dá suporte ou faz a aquisição de produtos de TIC institucionais
STIC,1.0,CADG,Desenvolve aplicações a partir da análise de dados internos e externos
STIC,1.0,CADG,Coleta dados da atuação institucional
STIC,1.0,CADG,Desenvolve visualizações estáticas e interativas de dados processados
STIC,1.0,CADG,Desenvolve e gerencia plataformas de divulgação de informações de interesse social
STIC,1.0,CADG,Faz a gestão do parque de infraestrutura e tecnologia e telecomunicação do MPRJ
STIC,1.0,CADG,Implementa programa de segurança da informação
STIC,1.0,CADG,"Coleta, analisa e sistematiza dados internos e externos georreferenciados"
STIC,1.0,CADG,"Coleta, trata, guarda e disponibiliza dados internos e externos"
STIC,1.0,CADG,Usa ferramentas de ciências de dados para o suporte a investigações criminais
STIC,1.0,CADG,Produz conhecimento com análise crítica
STIC,1.0,CADG,Faz experimentos
STIC,1.0,CADG,Gerencia bancos de dados com informações sensíveis e sigilosas
STIC,1.0,CADG,Promove e fomenta análises interdisciplinares
STIC,1.0,STIC,Implementa programa e medidas de proteção de dados em poder do MPRJ
STIC,1.0,STIC,Desenvolve sistemas de tecnologia da informação de uso interno
STIC,1.0,STIC,Desenvolve sistemas a partir da análise de dados externos e internos
STIC,1.0,STIC,Desenvolve sites para campanhas e casos de atuação do MPRJ
STIC,1.0,STIC,Faz a gestão do portal do MPRJ e da programação visual do site do MPRJ
STIC,1.0,STIC,Dá suporte ou faz a aquisição de produtos de TIC institucionais
STIC,1.0,STIC,Desenvolve aplicações a partir da análise de dados internos e externos
STIC,1.0,STIC,Coleta dados da atuação institucional
STIC,1.0,STIC,Desenvolve visualizações estáticas e interativas de dados processados
STIC,1.0,STIC,Desenvolve e gerencia plataformas de divulgação de informações de interesse social
STIC,1.0,STIC,Faz a gestão do parque de infraestrutura e tecnologia e telecomunicação do MPRJ
STIC,1.0,STIC,Implementa programa de segurança da informação
STIC,1.0,STIC,"Coleta, analisa e sistematiza dados internos e externos georreferenciados"
STIC,1.0,STIC,"Coleta, trata, guarda e disponibiliza dados internos e externos"
STIC,1.0,STIC,Usa ferramentas de ciências de dados para o suporte a investigações criminais
STIC,1.0,STIC,Produz conhecimento com análise crítica
STIC,1.0,STIC,Faz experimentos
STIC,1.0,STIC,Gerencia bancos de dados com informações sensíveis e sigilosas
STIC,1.0,CSI,Gerencia bancos de dados com informações sensíveis e sigilosas
STIC,1.0,CSI,Dá suporte técnico e científico para temas relacionados à atividade-fim do MPRJ
STIC,1.0,CSI,Oferece consultoria técnica
STIC,1.0,CSI,Apoia os CAOs e grupos
STIC,1.0,CSI,Dá suporte técnico a casos concretos de atuação do MPRJ
STIC,1.0,CSI,Monitora dados relativos a presos e organizações criminosas
STIC,1.0,CSI,Faz experimentos
STIC,1.0,GATE,Gerencia bancos de dados com informações sensíveis e sigilosas
STIC,1.0,GATE,Dá suporte técnico e científico para temas relacionados à atividade-fim do MPRJ
STIC,1.0,GATE,Oferece consultoria técnica
STIC,1.0,GATE,Apoia os CAOs e grupos
STIC,1.0,GATE,Dá suporte técnico a casos concretos de atuação do MPRJ
STIC,1.0,GATE,Monitora dados relativos a presos e organizações criminosas
STIC,1.0,GATE,Faz experimentos
STIC,1.0,CODCON,Difunde conhecimento sobre o funcionamento e a atuação do MPRJ
STIC,2.0,SUBPLAN,Contribuição para a eleição de prioridades de atuação do MPRJ
STIC,2.0,SUBPLAN,Desenha e conduz avaliações de impacto para processos e iniciativas do MPRJ
STIC,2.0,SUBPLAN,Promove a atuação sistêmica do MPRJ
STIC,2.0,SUBPLAN,Avalia fluxos e processos
STIC,2.0,SUBPLAN,Elabora diagnósticos de órgãos do Ministério Público
STIC,2.0,SUBPLAN,Faz experimentos
STIC,2.0,STIC,Implementa programa e medidas de proteção de dados em poder do MPRJ
STIC,2.0,STIC,Desenvolve sites para campanhas e casos de atuação do MPRJ
STIC,2.0,STIC,Desenvolve e gerencia plataformas de divulgação de informações de interesse social
STIC,2.0,STIC,Dá suporte ou faz a aquisição de produtos de TIC institucionais
STIC,2.0,STIC,Faz a gestão do portal do MPRJ e da programação visual do site do MPRJ
STIC,2.0,STIC,Faz a gestão do parque de infraestrutura e tecnologia e telecomunicação do MPRJ
STIC,2.0,STIC,Desenvolve sistemas de tecnologia da informação de uso interno
STIC,2.0,STIC,Oferece consultoria técnica
STIC,2.0,STIC,"Coleta, trata, guarda e disponibiliza dados internos e externos"
STIC,2.0,STIC,Desenvolve sistemas a partir da análise de dados externos e internos
STIC,2.0,STIC,Desenvolve aplicações a partir da análise de dados internos e externos
STIC,2.0,STIC,Governança TI
STIC,2.0,STIC,Governança de dados
STIC,2.0,STIC,Padronizar tecnologias/arquiteturas
STIC,2.0,STIC,Faz experimentos
STIC,2.0,STIC,Gerencia bancos de dados com informações sensíveis e sigilosas
STIC,2.0,CADG,"Coleta, analisa e sistematiza dados internos e externos georreferenciados"
STIC,2.0,CADG,Faz experimentos
STIC,2.0,CENPE,Coleta dados da atuação institucional
STIC,2.0,CENPE,Avalia a efetividade das políticas públicas
STIC,2.0,CENPE,Identifica problemas públicos relevantes
STIC,2.0,CENPE,Difunde os métodos de pesquisa científica e uso de evidências 
STIC,2.0,CENPE,Promove e fomenta análises interdisciplinares
STIC,2.0,CENPE,Desenvolve visualizações estáticas e interativas de dados processados
STIC,2.0,CENPE,Difunde informação de interesse social a partir da coleta e análise de dados
STIC,2.0,CENPE,Potencializa o impacto social do MPRJ
STIC,2.0,CENPE,Faz experimentos
STIC,2.0,CSI,Implementa programa de segurança da informação
STIC,2.0,CSI,Usa ferramentas de ciências de dados para o suporte a investigações criminais
STIC,2.0,CSI,Monitora dados relativos a presos e organizações criminosas
STIC,2.0,CSI,Gerencia bancos de dados com informações sensíveis e sigilosas
STIC,2.0,CSI,Faz experimentos
STIC,2.0,INOVA,Prospecta no Brasil e no mundo tendências e iniciativas de inovação
STIC,2.0,INOVA,Difunde inovação e boas práticas sobre administração pública
STIC,2.0,INOVA,Estimula a criação de rede de atores internos e externos
STIC,2.0,INOVA,"Fomenta inovação, transparência, inclusão e participação na gestão pública"
STIC,2.0,INOVA,Difunde a cultura e métodos de ideação e inovação
STIC,2.0,INOVA,Fomenta e dá suporte à integração e trabalho em conjunto entre diversos órgãos
STIC,2.0,INOVA,Estimula e apoia a contribuição de atores externos ao trabalho dos órgãos do MPRJ
STIC,2.0,INOVA,Faz experimentos
STIC,2.0,GATE,Produz conhecimento com análise crítica
STIC,2.0,GATE,Dá suporte técnico a casos concretos de atuação do MPRJ
STIC,2.0,GATE,Apoia os CAOs e grupos
STIC,2.0,GATE,Dá suporte técnico e científico para temas relacionados à atividade-fim do MPRJ
STIC,2.0,GATE,Faz experimentos
STIC,2.0,IEP,Realiza revisões de literatura e de iniciativas de políticas públicas
STIC,2.0,IEP,Oferece o apoio pedagógico e logístico às ações treinamento
STIC,2.0,IEP,Dissemina conhecimento
STIC,2.0,IEP,Interage e compartilha conhecimento com outras instituições de ensino e pesquisa
STIC,2.0,IEP,Promove e organiza a gestão do conhecimento técnico do MPRJ
STIC,2.0,IEP,Faz experimentos
STIC,2.0,COMUNICAÇÃO,Difunde conhecimento sobre o funcionamento e a atuação do MPRJ
STIC,2.0,COMUNICAÇÃO,Faz experimentos
CSI,1.0,CODCOM,Desenvolve sites para campanhas e casos de atuação do MPRJ
CSI,1.0,CODCOM,Faz a gestão do portal do MPRJ e da programação visual do site do MPRJ
CSI,1.0,CODCOM,Difunde conhecimento sobre o funcionamento e a atuação do MPRJ
CSI,1.0,CODCOM,Potencializa o impacto social do MPRJ
CSI,1.0,CODCOM,Desenvolve aplicações a partir da análise de dados internos e externos
CSI,1.0,CODCOM,Promove e fomenta análises interdisciplinares
CSI,1.0,CODCOM,Faz experimentos
CSI,1.0,CODCOM,Difunde inovação e boas práticas sobre administração pública
CSI,1.0,CODCOM,Prospecta no Brasil e no mundo tendências e iniciativas de inovação
CSI,1.0,SUBPLAN,Fomenta e dá suporte à integração e trabalho em conjunto entre diversos órgãos
CSI,1.0,SUBPLAN,Contribuição para a eleição de prioridades de atuação do MPRJ
CSI,1.0,SUBPLAN,Promove a atuação sistêmica do MPRJ
CSI,1.0,SUBPLAN,Avalia fluxos e processos
CSI,1.0,SUBPLAN,"Fomenta inovação, transparência, inclusão e participação na gestão pública"
CSI,1.0,SUBPLAN,Estimula e apoia a contribuição de atores externos ao trabalho dos órgãos do MPRJ
CSI,1.0,SUBPLAN,Potencializa o impacto social do MPRJ
CSI,1.0,SUBPLAN,Desenvolve aplicações a partir da análise de dados internos e externos
CSI,1.0,SUBPLAN,Promove e fomenta análises interdisciplinares
CSI,1.0,SUBPLAN,Faz experimentos
CSI,1.0,SUBPLAN,Difunde inovação e boas práticas sobre administração pública
CSI,1.0,SUBPLAN,Prospecta no Brasil e no mundo tendências e iniciativas de inovação
CSI,1.0,INOVA,Difunde a cultura e métodos de ideação e inovação
CSI,1.0,INOVA,Estimula a criação de rede de atores internos e externos
CSI,1.0,INOVA,Promove a atuação sistêmica do MPRJ
CSI,1.0,INOVA,Oferece consultoria técnica
CSI,1.0,INOVA,Implementa programa e medidas de proteção de dados em poder do MPRJ
CSI,1.0,INOVA,Potencializa o impacto social do MPRJ
CSI,1.0,INOVA,Desenvolve aplicações a partir da análise de dados internos e externos
CSI,1.0,INOVA,Promove e fomenta análises interdisciplinares
CSI,1.0,INOVA,Faz experimentos
CSI,1.0,INOVA,Difunde inovação e boas práticas sobre administração pública
CSI,1.0,INOVA,Prospecta no Brasil e no mundo tendências e iniciativas de inovação
CSI,1.0,CADG,Desenvolve e gerencia plataformas de divulgação de informações de interesse social
CSI,1.0,CADG,Desenvolve visualizações estáticas e interativas de dados processados
CSI,1.0,CADG,Difunde informação de interesse social a partir da coleta e análise de dados
CSI,1.0,CADG,Desenvolve sistemas a partir da análise de dados externos e internos
CSI,1.0,CADG,"Coleta, analisa e sistematiza dados internos e externos georreferenciados"
CSI,1.0,CADG,Apoia os CAOs e grupos
CSI,1.0,CADG,"Coleta, trata, guarda e disponibiliza dados internos e externos"
CSI,1.0,CADG,Implementa programa e medidas de proteção de dados em poder do MPRJ
CSI,1.0,CADG,Potencializa o impacto social do MPRJ
CSI,1.0,CADG,Desenvolve aplicações a partir da análise de dados internos e externos
CSI,1.0,CADG,Promove e fomenta análises interdisciplinares
CSI,1.0,CADG,Faz experimentos
CSI,1.0,CADG,Difunde inovação e boas práticas sobre administração pública
CSI,1.0,CADG,Prospecta no Brasil e no mundo tendências e iniciativas de inovação
CSI,1.0,STIC,Desenvolve sistemas de tecnologia da informação de uso interno
CSI,1.0,STIC,Implementa programa de segurança da informação
CSI,1.0,STIC,Faz a gestão do parque de infraestrutura e tecnologia e telecomunicação do MPRJ
CSI,1.0,STIC,Dá suporte ou faz a aquisição de produtos de TIC institucionais
CSI,1.0,STIC,"Coleta, trata, guarda e disponibiliza dados internos e externos"
CSI,1.0,STIC,Oferece consultoria técnica
CSI,1.0,STIC,Implementa programa e medidas de proteção de dados em poder do MPRJ
CSI,1.0,STIC,Potencializa o impacto social do MPRJ
CSI,1.0,STIC,Desenvolve aplicações a partir da análise de dados internos e externos
CSI,1.0,STIC,Promove e fomenta análises interdisciplinares
CSI,1.0,STIC,Faz experimentos
CSI,1.0,STIC,Difunde inovação e boas práticas sobre administração pública
CSI,1.0,STIC,Prospecta no Brasil e no mundo tendências e iniciativas de inovação
CSI,1.0,IEP,Promove e organiza a gestão do conhecimento técnico do MPRJ
CSI,1.0,IEP,Dissemina conhecimento
CSI,1.0,IEP,Interage e compartilha conhecimento com outras instituições de ensino e pesquisa
CSI,1.0,IEP,Oferece o apoio pedagógico e logístico às ações treinamento
CSI,1.0,IEP,Estimula a criação de rede de atores internos e externos
CSI,1.0,IEP,Potencializa o impacto social do MPRJ
CSI,1.0,IEP,Desenvolve aplicações a partir da análise de dados internos e externos
CSI,1.0,IEP,Promove e fomenta análises interdisciplinares
CSI,1.0,IEP,Faz experimentos
CSI,1.0,IEP,Difunde inovação e boas práticas sobre administração pública
CSI,1.0,IEP,Prospecta no Brasil e no mundo tendências e iniciativas de inovação
CSI,1.0,GATE,"Coleta, analisa e sistematiza dados internos e externos georreferenciados"
CSI,1.0,GATE,Apoia os CAOs e grupos
CSI,1.0,GATE,Monitora dados relativos a presos e organizações criminosas
CSI,1.0,GATE,Gerencia bancos de dados com informações sensíveis e sigilosas
CSI,1.0,GATE,"Coleta, trata, guarda e disponibiliza dados internos e externos"
CSI,1.0,GATE,Produz conhecimento com análise crítica
CSI,1.0,GATE,Oferece consultoria técnica
CSI,1.0,GATE,Dá suporte técnico a casos concretos de atuação do MPRJ
CSI,1.0,GATE,Usa ferramentas de ciências de dados para o suporte a investigações criminais
CSI,1.0,GATE,Difunde a cultura e métodos de ideação e inovação
CSI,1.0,GATE,Desenvolve visualizações estáticas e interativas de dados processados
CSI,1.0,GATE,Dissemina conhecimento
CSI,1.0,GATE,Implementa programa e medidas de proteção de dados em poder do MPRJ
CSI,1.0,GATE,Potencializa o impacto social do MPRJ
CSI,1.0,GATE,Desenvolve aplicações a partir da análise de dados internos e externos
CSI,1.0,GATE,Promove e fomenta análises interdisciplinares
CSI,1.0,GATE,Faz experimentos
CSI,1.0,GATE,Difunde inovação e boas práticas sobre administração pública
CSI,1.0,GATE,Prospecta no Brasil e no mundo tendências e iniciativas de inovação
CSI,1.0,CSI,"Coleta, analisa e sistematiza dados internos e externos georreferenciados"
CSI,1.0,CSI,Apoia os CAOs e grupos
CSI,1.0,CSI,Monitora dados relativos a presos e organizações criminosas
CSI,1.0,CSI,Gerencia bancos de dados com informações sensíveis e sigilosas
CSI,1.0,CSI,"Coleta, trata, guarda e disponibiliza dados internos e externos"
CSI,1.0,CSI,Produz conhecimento com análise crítica
CSI,1.0,CSI,Oferece consultoria técnica
CSI,1.0,CSI,Dá suporte técnico a casos concretos de atuação do MPRJ
CSI,1.0,CSI,Usa ferramentas de ciências de dados para o suporte a investigações criminais
CSI,1.0,CSI,Difunde a cultura e métodos de ideação e inovação
CSI,1.0,CSI,Desenvolve visualizações estáticas e interativas de dados processados
CSI,1.0,CSI,Dissemina conhecimento
CSI,1.0,CSI,Estimula a criação de rede de atores internos e externos
CSI,1.0,CSI,Implementa programa e medidas de proteção de dados em poder do MPRJ
CSI,1.0,CSI,Potencializa o impacto social do MPRJ
CSI,1.0,CSI,Desenvolve aplicações a partir da análise de dados internos e externos
CSI,1.0,CSI,Promove e fomenta análises interdisciplinares
CSI,1.0,CSI,Faz experimentos
CSI,1.0,CSI,Difunde inovação e boas práticas sobre administração pública
CSI,1.0,CSI,Prospecta no Brasil e no mundo tendências e iniciativas de inovação
CSI,1.0,CENPE,Realiza revisões de literatura e de iniciativas de políticas públicas
CSI,1.0,CENPE,Dá suporte técnico e científico para temas relacionados à atividade-fim do MPRJ
CSI,1.0,CENPE,Avalia a efetividade das políticas públicas
CSI,1.0,CENPE,Elabora diagnósticos de órgãos do Ministério Público
CSI,1.0,CENPE,Difunde os métodos de pesquisa científica e uso de evidências 
CSI,1.0,CENPE,Coleta dados da atuação institucional
CSI,1.0,CENPE,Identifica problemas públicos relevantes
CSI,1.0,CENPE,Desenha e conduz avaliações de impacto para processos e iniciativas do MPRJ
CSI,1.0,CENPE,Apoia os CAOs e grupos
CSI,1.0,CENPE,Desenvolve visualizações estáticas e interativas de dados processados
CSI,1.0,CENPE,Estimula a criação de rede de atores internos e externos
CSI,1.0,CENPE,Potencializa o impacto social do MPRJ
CSI,1.0,CENPE,Desenvolve aplicações a partir da análise de dados internos e externos
CSI,1.0,CENPE,Promove e fomenta análises interdisciplinares
CSI,1.0,CENPE,Faz experimentos
CSI,1.0,CENPE,Difunde inovação e boas práticas sobre administração pública
CSI,1.0,CENPE,Prospecta no Brasil e no mundo tendências e iniciativas de inovação
CSI,2.0,CSI,Gerencia bancos de dados com informações sensíveis e sigilosas
CSI,2.0,CSI,Usa ferramentas de ciências de dados para o suporte a investigações criminais
CSI,2.0,CSI,"Coleta, trata, guarda e disponibiliza dados internos e externos"
CSI,2.0,CSI,Monitora dados relativos a presos e organizações criminosas
CSI,2.0,CSI,Produz conhecimento com análise crítica
CSI,2.0,CSI,Apoia os CAOs e grupos
CSI,2.0,CSI,Dá suporte técnico a casos concretos de atuação do MPRJ
CSI,2.0,CSI,Implementa programa e medidas de proteção de dados em poder do MPRJ
CSI,2.0,CSI,Dissemina conhecimento
CSI,2.0,CSI,Implementa programa de segurança da informação
CSI,2.0,CSI,Difunde informação de interesse social a partir da coleta e análise de dados
CSI,2.0,CSI,Fomenta e dá suporte à integração e trabalho em conjunto entre diversos órgãos
CSI,2.0,CSI,Avalia a efetividade das políticas públicas
CSI,2.0,CSI,Oferece consultoria técnica
CSI,2.0,CSI,Identifica problemas públicos relevantes
CSI,2.0,CSI,"Coleta, analisa e sistematiza dados internos e externos georreferenciados"
CSI,2.0,CSI,Promove e fomenta análises interdisciplinares
CSI,2.0,CSI,Faz experimentos
CSI,2.0,CSI,Avalia fluxos e processos
CSI,2.0,CSI,Contribuição para a eleição de prioridades de atuação do MPRJ
CSI,2.0,IEP,Elabora diagnósticos de órgãos do Ministério Público
CSI,2.0,IEP,Oferece o apoio pedagógico e logístico às ações treinamento
CSI,2.0,IEP,Potencializa o impacto social do MPRJ
CSI,2.0,IEP,Interage e compartilha conhecimento com outras instituições de ensino e pesquisa
CSI,2.0,IEP,Realiza revisões de literatura e de iniciativas de políticas públicas
CSI,2.0,IEP,Difunde conhecimento sobre o funcionamento e a atuação do MPRJ
CSI,2.0,IEP,Promove a atuação sistêmica do MPRJ
CSI,2.0,IEP,Promove e organiza a gestão do conhecimento técnico do MPRJ
CSI,2.0,IEP,Promove e fomenta análises interdisciplinares
CSI,2.0,IEP,Avalia fluxos e processos
CSI,2.0,IEP,Contribuição para a eleição de prioridades de atuação do MPRJ
CSI,2.0,STIC,Faz a gestão do portal do MPRJ e da programação visual do site do MPRJ
CSI,2.0,STIC,Desenvolve sistemas de tecnologia da informação de uso interno
CSI,2.0,STIC,Faz a gestão do parque de infraestrutura e tecnologia e telecomunicação do MPRJ
CSI,2.0,STIC,Desenvolve sistemas a partir da análise de dados externos e internos
CSI,2.0,STIC,Desenvolve sites para campanhas e casos de atuação do MPRJ
CSI,2.0,STIC,Dá suporte ou faz a aquisição de produtos de TIC institucionais
CSI,2.0,STIC,Desenvolve aplicações a partir da análise de dados internos e externos
CSI,2.0,STIC,Avalia fluxos e processos
CSI,2.0,STIC,Contribuição para a eleição de prioridades de atuação do MPRJ
CSI,2.0,CENPE,Difunde os métodos de pesquisa científica e uso de evidências 
CSI,2.0,CENPE,Desenvolve visualizações estáticas e interativas de dados processados
CSI,2.0,CENPE,Avalia a efetividade das políticas públicas
CSI,2.0,CENPE,Desenha e conduz avaliações de impacto para processos e iniciativas do MPRJ
CSI,2.0,CENPE,Apoia os CAOs e grupos
CSI,2.0,CENPE,Avalia fluxos e processos
CSI,2.0,CENPE,Contribuição para a eleição de prioridades de atuação do MPRJ
CSI,2.0,GATE,Dá suporte técnico e científico para temas relacionados à atividade-fim do MPRJ
CSI,2.0,GATE,Oferece consultoria técnica
CSI,2.0,GATE,Identifica problemas públicos relevantes
CSI,2.0,GATE,"Coleta, trata, guarda e disponibiliza dados internos e externos"
CSI,2.0,GATE,Produz conhecimento com análise crítica
CSI,2.0,GATE,Apoia os CAOs e grupos
CSI,2.0,GATE,Dá suporte técnico a casos concretos de atuação do MPRJ
CSI,2.0,GATE,Dissemina conhecimento
CSI,2.0,GATE,Difunde informação de interesse social a partir da coleta e análise de dados
CSI,2.0,GATE,Avalia fluxos e processos
CSI,2.0,GATE,Contribuição para a eleição de prioridades de atuação do MPRJ
CSI,2.0,CADG,"Coleta, analisa e sistematiza dados internos e externos georreferenciados"
CSI,2.0,CADG,Estimula e apoia a contribuição de atores externos ao trabalho dos órgãos do MPRJ
CSI,2.0,CADG,Desenvolve e gerencia plataformas de divulgação de informações de interesse social
CSI,2.0,CADG,Coleta dados da atuação institucional
CSI,2.0,CADG,"Coleta, trata, guarda e disponibiliza dados internos e externos"
CSI,2.0,CADG,Difunde informação de interesse social a partir da coleta e análise de dados
CSI,2.0,CADG,Avalia fluxos e processos
CSI,2.0,CADG,Contribuição para a eleição de prioridades de atuação do MPRJ
CSI,2.0,INOVA,Difunde a cultura e métodos de ideação e inovação
CSI,2.0,INOVA,Prospecta no Brasil e no mundo tendências e iniciativas de inovação
CSI,2.0,INOVA,Difunde inovação e boas práticas sobre administração pública
CSI,2.0,INOVA,Promove e fomenta análises interdisciplinares
CSI,2.0,INOVA,"Fomenta inovação, transparência, inclusão e participação na gestão pública"
CSI,2.0,INOVA,Faz experimentos
CSI,2.0,INOVA,Avalia fluxos e processos
CSI,2.0,INOVA,Contribuição para a eleição de prioridades de atuação do MPRJ
CSI,2.0,SUBPLAN,Estimula a criação de rede de atores internos e externos
CSI,2.0,SUBPLAN,Avalia fluxos e processos
CSI,2.0,SUBPLAN,Contribuição para a eleição de prioridades de atuação do MPRJ
IEP,1.0,IEP,Difunde os métodos de pesquisa científica e uso de evidências 
IEP,1.0,IEP,Realiza revisões de literatura e de iniciativas de políticas públicas
IEP,1.0,IEP,Avalia a efetividade das políticas públicas
IEP,1.0,IEP,Identifica problemas públicos relevantes
IEP,1.0,IEP,Promove e fomenta análises interdisciplinares
IEP,1.0,IEP,Elabora diagnósticos de órgãos do Ministério Público
IEP,1.0,IEP,Produz conhecimento com análise crítica
IEP,1.0,IEP,Interage e compartilha conhecimento com outras instituições de ensino e pesquisa
IEP,1.0,IEP,Promove e organiza a gestão do conhecimento técnico do MPRJ
IEP,1.0,IEP,Oferece o apoio pedagógico e logístico às ações treinamento
IEP,1.0,IEP,Dissemina conhecimento
IEP,1.0,IEP,Estimula e apoia a contribuição de atores externos ao trabalho dos órgãos do MPRJ
IEP,1.0,IEP,Potencializa o impacto social do MPRJ
IEP,1.0,IEP,Difunde conhecimento sobre o funcionamento e a atuação do MPRJ
IEP,1.0,IEP,Desenha e conduz avaliações de impacto para processos e iniciativas do MPRJ
IEP,1.0,IEP,Fomenta e dá suporte à integração e trabalho em conjunto entre diversos órgãos
IEP,1.0,IEP,Contribuição para a eleição de prioridades de atuação do MPRJ
IEP,1.0,IEP,Promove a atuação sistêmica do MPRJ
IEP,1.0,IEP,"Fomenta inovação, transparência, inclusão e participação na gestão pública"
IEP,1.0,IEP,Avalia fluxos e processos
IEP,1.0,IEP,Difunde a cultura e métodos de ideação e inovação
IEP,1.0,IEP,Estimula a criação de rede de atores internos e externos
IEP,1.0,IEP,Prospecta no Brasil e no mundo tendências e iniciativas de inovação
IEP,1.0,IEP,Difunde inovação e boas práticas sobre administração pública
IEP,1.0,IEP,Faz experimentos
IEP,1.0,CENPE,Difunde os métodos de pesquisa científica e uso de evidências 
IEP,1.0,CENPE,Realiza revisões de literatura e de iniciativas de políticas públicas
IEP,1.0,CENPE,Avalia a efetividade das políticas públicas
IEP,1.0,CENPE,Identifica problemas públicos relevantes
IEP,1.0,CENPE,Promove e fomenta análises interdisciplinares
IEP,1.0,CENPE,Elabora diagnósticos de órgãos do Ministério Público
IEP,1.0,CENPE,Produz conhecimento com análise crítica
IEP,1.0,CENPE,Interage e compartilha conhecimento com outras instituições de ensino e pesquisa
IEP,1.0,CENPE,Promove e organiza a gestão do conhecimento técnico do MPRJ
IEP,1.0,CENPE,Oferece o apoio pedagógico e logístico às ações treinamento
IEP,1.0,CENPE,Dissemina conhecimento
IEP,1.0,CENPE,Estimula e apoia a contribuição de atores externos ao trabalho dos órgãos do MPRJ
IEP,1.0,CENPE,Potencializa o impacto social do MPRJ
IEP,1.0,CENPE,Difunde conhecimento sobre o funcionamento e a atuação do MPRJ
IEP,1.0,CENPE,Desenha e conduz avaliações de impacto para processos e iniciativas do MPRJ
IEP,1.0,CENPE,Fomenta e dá suporte à integração e trabalho em conjunto entre diversos órgãos
IEP,1.0,CENPE,Contribuição para a eleição de prioridades de atuação do MPRJ
IEP,1.0,CENPE,Promove a atuação sistêmica do MPRJ
IEP,1.0,CENPE,"Fomenta inovação, transparência, inclusão e participação na gestão pública"
IEP,1.0,CENPE,Avalia fluxos e processos
IEP,1.0,CENPE,Difunde a cultura e métodos de ideação e inovação
IEP,1.0,CENPE,Estimula a criação de rede de atores internos e externos
IEP,1.0,CENPE,Prospecta no Brasil e no mundo tendências e iniciativas de inovação
IEP,1.0,CENPE,Difunde inovação e boas práticas sobre administração pública
IEP,1.0,CENPE,Faz experimentos
IEP,1.0,INOVA,Difunde os métodos de pesquisa científica e uso de evidências 
IEP,1.0,INOVA,Realiza revisões de literatura e de iniciativas de políticas públicas
IEP,1.0,INOVA,Avalia a efetividade das políticas públicas
IEP,1.0,INOVA,Identifica problemas públicos relevantes
IEP,1.0,INOVA,Promove e fomenta análises interdisciplinares
IEP,1.0,INOVA,Elabora diagnósticos de órgãos do Ministério Público
IEP,1.0,INOVA,Produz conhecimento com análise crítica
IEP,1.0,INOVA,Interage e compartilha conhecimento com outras instituições de ensino e pesquisa
IEP,1.0,INOVA,Promove e organiza a gestão do conhecimento técnico do MPRJ
IEP,1.0,INOVA,Oferece o apoio pedagógico e logístico às ações treinamento
IEP,1.0,INOVA,Dissemina conhecimento
IEP,1.0,INOVA,Estimula e apoia a contribuição de atores externos ao trabalho dos órgãos do MPRJ
IEP,1.0,INOVA,Potencializa o impacto social do MPRJ
IEP,1.0,INOVA,Difunde conhecimento sobre o funcionamento e a atuação do MPRJ
IEP,1.0,INOVA,Desenha e conduz avaliações de impacto para processos e iniciativas do MPRJ
IEP,1.0,INOVA,Fomenta e dá suporte à integração e trabalho em conjunto entre diversos órgãos
IEP,1.0,INOVA,Contribuição para a eleição de prioridades de atuação do MPRJ
IEP,1.0,INOVA,Promove a atuação sistêmica do MPRJ
IEP,1.0,INOVA,"Fomenta inovação, transparência, inclusão e participação na gestão pública"
IEP,1.0,INOVA,Avalia fluxos e processos
IEP,1.0,INOVA,Difunde a cultura e métodos de ideação e inovação
IEP,1.0,INOVA,Estimula a criação de rede de atores internos e externos
IEP,1.0,INOVA,Prospecta no Brasil e no mundo tendências e iniciativas de inovação
IEP,1.0,INOVA,Difunde inovação e boas práticas sobre administração pública
IEP,1.0,INOVA,Faz experimentos
IEP,1.0,CADG,Coleta dados da atuação institucional
IEP,1.0,CADG,"Coleta, analisa e sistematiza dados internos e externos georreferenciados"
IEP,1.0,CADG,"Coleta, trata, guarda e disponibiliza dados internos e externos"
IEP,1.0,CADG,Desenvolve e gerencia plataformas de divulgação de informações de interesse social
IEP,1.0,CADG,Desenvolve visualizações estáticas e interativas de dados processados
IEP,1.0,CADG,Difunde informação de interesse social a partir da coleta e análise de dados
IEP,1.0,CADG,Desenvolve sistemas de tecnologia da informação de uso interno
IEP,1.0,CADG,Implementa programa de segurança da informação
IEP,1.0,CADG,Faz a gestão do portal do MPRJ e da programação visual do site do MPRJ
IEP,1.0,CADG,Dá suporte técnico a casos concretos de atuação do MPRJ
IEP,1.0,CADG,Desenvolve sistemas a partir da análise de dados externos e internos
IEP,1.0,CADG,Desenvolve sites para campanhas e casos de atuação do MPRJ
IEP,1.0,CADG,Faz a gestão do parque de infraestrutura e tecnologia e telecomunicação do MPRJ
IEP,1.0,CADG,Implementa programa e medidas de proteção de dados em poder do MPRJ
IEP,1.0,CADG,Desenvolve aplicações a partir da análise de dados internos e externos
IEP,1.0,CADG,Produz conhecimento com análise crítica
IEP,1.0,CADG,Estimula e apoia a contribuição de atores externos ao trabalho dos órgãos do MPRJ
IEP,1.0,STIC,Coleta dados da atuação institucional
IEP,1.0,STIC,"Coleta, analisa e sistematiza dados internos e externos georreferenciados"
IEP,1.0,STIC,"Coleta, trata, guarda e disponibiliza dados internos e externos"
IEP,1.0,STIC,Desenvolve e gerencia plataformas de divulgação de informações de interesse social
IEP,1.0,STIC,Desenvolve visualizações estáticas e interativas de dados processados
IEP,1.0,STIC,Difunde informação de interesse social a partir da coleta e análise de dados
IEP,1.0,STIC,Desenvolve sistemas de tecnologia da informação de uso interno
IEP,1.0,STIC,Implementa programa de segurança da informação
IEP,1.0,STIC,Faz a gestão do portal do MPRJ e da programação visual do site do MPRJ
IEP,1.0,STIC,Dá suporte técnico a casos concretos de atuação do MPRJ
IEP,1.0,STIC,Desenvolve sistemas a partir da análise de dados externos e internos
IEP,1.0,STIC,Desenvolve sites para campanhas e casos de atuação do MPRJ
IEP,1.0,STIC,Faz a gestão do parque de infraestrutura e tecnologia e telecomunicação do MPRJ
IEP,1.0,STIC,Implementa programa e medidas de proteção de dados em poder do MPRJ
IEP,1.0,STIC,Desenvolve aplicações a partir da análise de dados internos e externos
IEP,1.0,GATE,Dá suporte ou faz a aquisição de produtos de TIC institucionais
IEP,1.0,GATE,Apoia os CAOs e grupos
IEP,1.0,GATE,Oferece consultoria técnica
IEP,1.0,GATE,Dá suporte técnico e científico para temas relacionados à atividade-fim do MPRJ
IEP,1.0,GATE,Gerencia bancos de dados com informações sensíveis e sigilosas
IEP,1.0,GATE,Monitora dados relativos a presos e organizações criminosas
IEP,1.0,GATE,Usa ferramentas de ciências de dados para o suporte a investigações criminais
IEP,1.0,CSI,Dá suporte ou faz a aquisição de produtos de TIC institucionais
IEP,1.0,CSI,Apoia os CAOs e grupos
IEP,1.0,CSI,Oferece consultoria técnica
IEP,1.0,CSI,Dá suporte técnico e científico para temas relacionados à atividade-fim do MPRJ
IEP,1.0,CSI,Gerencia bancos de dados com informações sensíveis e sigilosas
IEP,1.0,CSI,Monitora dados relativos a presos e organizações criminosas
IEP,1.0,CSI,Usa ferramentas de ciências de dados para o suporte a investigações criminais
IEP,1.0,COMUNICAÇÃO,Difunde conhecimento sobre o funcionamento e a atuação do MPRJ
IEP,2.0,CADG,Coleta dados da atuação institucional
IEP,2.0,CADG,"Coleta, analisa e sistematiza dados internos e externos georreferenciados"
IEP,2.0,CADG,"Coleta, trata, guarda e disponibiliza dados internos e externos"
IEP,2.0,CADG,Desenvolve e gerencia plataformas de divulgação de informações de interesse social
IEP,2.0,CADG,Desenvolve visualizações estáticas e interativas de dados processados
IEP,2.0,IEP,Identifica problemas públicos relevantes
IEP,2.0,IEP,Estimula a criação de rede de atores internos e externos
IEP,2.0,IEP,Difunde os métodos de pesquisa científica e uso de evidências 
IEP,2.0,IEP,Promove e fomenta análises interdisciplinares
IEP,2.0,IEP,Estimula e apoia a contribuição de atores externos ao trabalho dos órgãos do MPRJ
IEP,2.0,IEP,Produz conhecimento com análise crítica
IEP,2.0,IEP,Dissemina conhecimento
IEP,2.0,IEP,Oferece o apoio pedagógico e logístico às ações treinamento
IEP,2.0,IEP,Difunde conhecimento sobre o funcionamento e a atuação do MPRJ
IEP,2.0,IEP,Interage e compartilha conhecimento com outras instituições de ensino e pesquisa
IEP,2.0,IEP,Difunde informação de interesse social a partir da coleta e análise de dados
IEP,2.0,IEP,Avalia a efetividade das políticas públicas
IEP,2.0,IEP,Realiza revisões de literatura e de iniciativas de políticas públicas
IEP,2.0,INOVA,"Fomenta inovação, transparência, inclusão e participação na gestão pública"
IEP,2.0,INOVA,Difunde a cultura e métodos de ideação e inovação
IEP,2.0,INOVA,Faz experimentos
IEP,2.0,INOVA,Prospecta no Brasil e no mundo tendências e iniciativas de inovação
IEP,2.0,INOVA,Difunde inovação e boas práticas sobre administração pública
IEP,2.0,INOVA,Desenha e conduz avaliações de impacto para processos e iniciativas do MPRJ
IEP,2.0,STIC,Implementa programa e medidas de proteção de dados em poder do MPRJ
IEP,2.0,STIC,Implementa programa de segurança da informação
IEP,2.0,STIC,Dá suporte ou faz a aquisição de produtos de TIC institucionais
IEP,2.0,STIC,Faz a gestão do portal do MPRJ e da programação visual do site do MPRJ
IEP,2.0,STIC,Faz a gestão do parque de infraestrutura e tecnologia e telecomunicação do MPRJ
IEP,2.0,STIC,Desenvolve sistemas de tecnologia da informação de uso interno
IEP,2.0,STIC,Desenvolve sistemas a partir da análise de dados externos e internos
IEP,2.0,STIC,Avalia fluxos e processos
IEP,2.0,STIC,Desenvolve aplicações a partir da análise de dados internos e externos
IEP,2.0,STIC,Desenvolve sites para campanhas e casos de atuação do MPRJ
IEP,2.0,CSI,Monitora dados relativos a presos e organizações criminosas
IEP,2.0,CSI,Gerencia bancos de dados com informações sensíveis e sigilosas
IEP,2.0,CSI,Dá suporte técnico e científico para temas relacionados à atividade-fim do MPRJ
IEP,2.0,CSI,Oferece consultoria técnica
IEP,2.0,CSI,Dá suporte técnico a casos concretos de atuação do MPRJ
IEP,2.0,CSI,Usa ferramentas de ciências de dados para o suporte a investigações criminais
IEP,2.0,CSI,Apoia os CAOs e grupos
IEP,2.0,GATE,Dá suporte técnico e científico para temas relacionados à atividade-fim do MPRJ
IEP,2.0,GATE,Oferece consultoria técnica
IEP,2.0,GATE,Dá suporte técnico a casos concretos de atuação do MPRJ
IEP,2.0,GATE,Usa ferramentas de ciências de dados para o suporte a investigações criminais
IEP,2.0,GATE,Apoia os CAOs e grupos
IEP,2.0,GATE,Promove e organiza a gestão do conhecimento técnico do MPRJ
IEP,2.0,COMUNICAÇÃO,Potencializa o impacto social do MPRJ
IEP,2.0,CAOS,Fomenta e dá suporte à integração e trabalho em conjunto entre diversos órgãos
CENPE,1.0,CSI,Usa ferramentas de ciências de dados para o suporte a investigações criminais
CENPE,1.0,CSI,Monitora dados relativos a presos e organizações criminosas
CENPE,1.0,CSI,Gerencia bancos de dados com informações sensíveis e sigilosas
CENPE,1.0,STIC,Dá suporte ou faz a aquisição de produtos de TIC institucionais
CENPE,1.0,STIC,Desenvolve sites para campanhas e casos de atuação do MPRJ
CENPE,1.0,STIC,Faz a gestão do portal do MPRJ e da programação visual do site do MPRJ
CENPE,1.0,STIC,Faz a gestão do parque de infraestrutura e tecnologia e telecomunicação do MPRJ
CENPE,1.0,STIC,Desenvolve sistemas de tecnologia da informação de uso interno
CENPE,1.0,STIC,Implementa programa de segurança da informação
CENPE,1.0,STIC,Implementa programa e medidas de proteção de dados em poder do MPRJ
CENPE,1.0,GATE,Dá suporte técnico a casos concretos de atuação do MPRJ
CENPE,1.0,GATE,Dá suporte técnico e científico para temas relacionados à atividade-fim do MPRJ
CENPE,1.0,GATE,Oferece consultoria técnica
CENPE,1.0,GATE,Potencializa o impacto social do MPRJ
CENPE,1.0,CADG,Desenvolve visualizações estáticas e interativas de dados processados
CENPE,1.0,CADG,"Coleta, analisa e sistematiza dados internos e externos georreferenciados"
CENPE,1.0,CADG,"Coleta, trata, guarda e disponibiliza dados internos e externos"
CENPE,1.0,CADG,Coleta dados da atuação institucional
CENPE,1.0,CADG,Desenvolve e gerencia plataformas de divulgação de informações de interesse social
CENPE,1.0,CADG,Desenvolve sistemas a partir da análise de dados externos e internos
CENPE,1.0,CADG,Difunde informação de interesse social a partir da coleta e análise de dados
CENPE,1.0,CADG,Difunde conhecimento sobre o funcionamento e a atuação do MPRJ
CENPE,1.0,CADG,Desenvolve aplicações a partir da análise de dados internos e externos
CENPE,1.0,CADG,Estimula a criação de rede de atores internos e externos
CENPE,1.0,CADG,Apoia os CAOs e grupos
CENPE,1.0,CADG,Contribuição para a eleição de prioridades de atuação do MPRJ
CENPE,1.0,CADG,Produz conhecimento com análise crítica
CENPE,1.0,CENPE,Desenvolve visualizações estáticas e interativas de dados processados
CENPE,1.0,CENPE,Avalia a efetividade das políticas públicas
CENPE,1.0,CENPE,Promove e fomenta análises interdisciplinares
CENPE,1.0,CENPE,Difunde os métodos de pesquisa científica e uso de evidências 
CENPE,1.0,CENPE,Identifica problemas públicos relevantes
CENPE,1.0,CENPE,Desenha e conduz avaliações de impacto para processos e iniciativas do MPRJ
CENPE,1.0,CENPE,Apoia os CAOs e grupos
CENPE,1.0,CENPE,Contribuição para a eleição de prioridades de atuação do MPRJ
CENPE,1.0,CENPE,Produz conhecimento com análise crítica
CENPE,1.0,CENPE,Avalia fluxos e processos
CENPE,1.0,CENPE,Realiza revisões de literatura e de iniciativas de políticas públicas
CENPE,1.0,INOVA,Faz experimentos
CENPE,1.0,INOVA,Difunde a cultura e métodos de ideação e inovação
CENPE,1.0,INOVA,"Fomenta inovação, transparência, inclusão e participação na gestão pública"
CENPE,1.0,INOVA,Prospecta no Brasil e no mundo tendências e iniciativas de inovação
CENPE,1.0,INOVA,Fomenta e dá suporte à integração e trabalho em conjunto entre diversos órgãos
CENPE,1.0,INOVA,Apoia os CAOs e grupos
CENPE,1.0,INOVA,Contribuição para a eleição de prioridades de atuação do MPRJ
CENPE,1.0,INOVA,Produz conhecimento com análise crítica
CENPE,1.0,IEP,Promove e organiza a gestão do conhecimento técnico do MPRJ
CENPE,1.0,IEP,Oferece o apoio pedagógico e logístico às ações treinamento
CENPE,1.0,IEP,Interage e compartilha conhecimento com outras instituições de ensino e pesquisa
CENPE,1.0,IEP,Realiza revisões de literatura e de iniciativas de políticas públicas
CENPE,1.0,IEP,Estimula e apoia a contribuição de atores externos ao trabalho dos órgãos do MPRJ
CENPE,1.0,IEP,Dissemina conhecimento
CENPE,1.0,IEP,Difunde inovação e boas práticas sobre administração pública
CENPE,1.0,IEP,Apoia os CAOs e grupos
CENPE,1.0,IEP,Contribuição para a eleição de prioridades de atuação do MPRJ
CENPE,1.0,IEP,Produz conhecimento com análise crítica
CENPE,1.0,SUBPLAN,Promove a atuação sistêmica do MPRJ
CENPE,1.0,SUBPLAN,Potencializa o impacto social do MPRJ
CENPE,1.0,SUBPLAN,Elabora diagnósticos de órgãos do Ministério Público
CENPE,1.0,SUBPLAN,Avalia fluxos e processos
CENPE,2.0,INOVA,Faz experimentos
CENPE,2.0,INOVA,Difunde a cultura e métodos de ideação e inovação
CENPE,2.0,INOVA,Prospecta no Brasil e no mundo tendências e iniciativas de inovação
CENPE,2.0,INOVA,Fomenta e dá suporte à integração e trabalho em conjunto entre diversos órgãos
CENPE,2.0,INOVA,Estimula a criação de rede de atores internos e externos
CENPE,2.0,INOVA,Interage com atores externos para implementação de mudanças
CENPE,2.0,INOVA,Fomenta a inclusão social
CENPE,2.0,INOVA,Potencializa o impacto social do MPRJ
CENPE,2.0,INOVA,Promove a atuação sistêmica do MPRJ
CENPE,2.0,INOVA,Fomenta a transparência
CENPE,2.0,CENPE,Avalia fluxos e processos
CENPE,2.0,CENPE,Desenha e conduz avaliações de impacto para processos e iniciativas do MPRJ
CENPE,2.0,CENPE,Realiza revisões de literatura e de iniciativas de políticas públicas
CENPE,2.0,CENPE,Promove e fomenta análises interdisciplinares
CENPE,2.0,CENPE,Difunde os métodos de pesquisa científica e uso de evidências 
CENPE,2.0,CENPE,Identifica problemas públicos relevantes
CENPE,2.0,CENPE,Produz conhecimento com análise crítica
CENPE,2.0,CENPE,Avalia a efetividade das políticas públicas
CENPE,2.0,CENPE,Medir custos
CENPE,2.0,CENPE,Contribuição para a eleição de prioridades de atuação do MPRJ
CENPE,2.0,CENPE,Elabora diagnósticos de órgãos do Ministério Público
CENPE,2.0,CENPE,Apoia os CAOs e grupos
CENPE,2.0,CENPE,Interage com atores externos para difusão do conhecimento
CENPE,2.0,CENPE,Potencializa o impacto social do MPRJ
CENPE,2.0,CENPE,Promove a atuação sistêmica do MPRJ
CENPE,2.0,CENPE,Fomenta a transparência
CENPE,2.0,CADG,Desenvolve e gerencia plataformas de divulgação de informações de interesse social
CENPE,2.0,CADG,"Coleta, trata, guarda e disponibiliza dados internos e externos"
CENPE,2.0,CADG,Desenvolve sistemas a partir da análise de dados externos e internos
CENPE,2.0,CADG,"Coleta, analisa e sistematiza dados internos e externos georreferenciados"
CENPE,2.0,CADG,Desenvolve visualizações estáticas e interativas de dados processados
CENPE,2.0,CADG,Difunde informação de interesse social a partir da coleta e análise de dados
CENPE,2.0,CADG,Desenvolve aplicações a partir da análise de dados internos e externos
CENPE,2.0,CADG,Potencializa o impacto social do MPRJ
CENPE,2.0,CADG,Promove a atuação sistêmica do MPRJ
CENPE,2.0,CADG,Fomenta a transparência
CENPE,2.0,IEP,Oferece o apoio pedagógico e logístico às ações treinamento
CENPE,2.0,IEP,Difunde conhecimento sobre o funcionamento e a atuação do MPRJ
CENPE,2.0,IEP,Interage e compartilha conhecimento com outras instituições de ensino e pesquisa
CENPE,2.0,IEP,Dissemina conhecimento
CENPE,2.0,IEP,Difunde inovação e boas práticas sobre administração pública
CENPE,2.0,IEP,Potencializa o impacto social do MPRJ
CENPE,2.0,IEP,Promove a atuação sistêmica do MPRJ
CENPE,2.0,IEP,Fomenta a transparência
CENPE,2.0,STIC,Desenvolve sites para campanhas e casos de atuação do MPRJ
CENPE,2.0,STIC,Dá suporte ou faz a aquisição de produtos de TIC institucionais
CENPE,2.0,STIC,Faz a gestão do portal do MPRJ e da programação visual do site do MPRJ
CENPE,2.0,STIC,Desenvolve sistemas de tecnologia da informação de uso interno
CENPE,2.0,STIC,Implementa programa de segurança da informação
CENPE,2.0,STIC,Faz a gestão do parque de infraestrutura e tecnologia e telecomunicação do MPRJ
CENPE,2.0,STIC,Implementa programa e medidas de proteção de dados em poder do MPRJ
CENPE,2.0,STIC,Coleta dados da atuação institucional
CENPE,2.0,STIC,Potencializa o impacto social do MPRJ
CENPE,2.0,STIC,Promove a atuação sistêmica do MPRJ
CENPE,2.0,STIC,Fomenta a transparência
CENPE,2.0,GATE,Oferece consultoria técnica
CENPE,2.0,GATE,Promove e organiza a gestão do conhecimento técnico do MPRJ
CENPE,2.0,GATE,Dá suporte técnico a casos concretos de atuação do MPRJ
CENPE,2.0,GATE,Dá suporte técnico e científico para temas relacionados à atividade-fim do MPRJ
CENPE,2.0,CSI,Monitora dados relativos a presos e organizações criminosas
CENPE,2.0,CSI,Gerencia bancos de dados com informações sensíveis e sigilosas
CENPE,2.0,CSI,Usa ferramentas de ciências de dados para o suporte a investigações criminais
CENPE,2.0,NINGUÉM,"Fomenta inovação, transparência, inclusão e participação na gestão pública"
CENPE,2.0,NINGUÉM,Estimula e apoia a contribuição de atores externos ao trabalho dos órgãos do MPRJ
,,,
INOVA,1.0,CODCOM,Difunde conhecimento sobre o funcionamento e a atuação do MPRJ
INOVA,1.0,CODCOM,Faz a gestão do portal do MPRJ e da programação visual do site do MPRJ
INOVA,1.0,CODCOM,Desenvolve sites para campanhas e casos de atuação do MPRJ
INOVA,1.0,CODCOM,Potencializa o impacto social do MPRJ
INOVA,1.0,CODCOM,Faz experimentos
INOVA,1.0,CODCOM,"Fomenta inovação, transparência, inclusão e participação na gestão pública"
INOVA,1.0,CODCOM,Estimula e apoia a contribuição de atores externos ao trabalho dos órgãos do MPRJ
INOVA,1.0,CODCOM,Estimula a criação de rede de atores internos e externos
INOVA,1.0,GATE,Dá suporte técnico a casos concretos de atuação do MPRJ
INOVA,1.0,GATE,Oferece consultoria técnica
INOVA,1.0,GATE,Apoia os CAOs e grupos
INOVA,1.0,GATE,Dá suporte técnico e científico para temas relacionados à atividade-fim do MPRJ
INOVA,1.0,GATE,Potencializa o impacto social do MPRJ
INOVA,1.0,GATE,Faz experimentos
INOVA,1.0,GATE,"Fomenta inovação, transparência, inclusão e participação na gestão pública"
INOVA,1.0,GATE,Estimula e apoia a contribuição de atores externos ao trabalho dos órgãos do MPRJ
INOVA,1.0,GATE,Estimula a criação de rede de atores internos e externos
INOVA,1.0,CSI,Dá suporte técnico a casos concretos de atuação do MPRJ
INOVA,1.0,CSI,Oferece consultoria técnica
INOVA,1.0,CSI,Apoia os CAOs e grupos
INOVA,1.0,CSI,Dá suporte técnico e científico para temas relacionados à atividade-fim do MPRJ
INOVA,1.0,CSI,Usa ferramentas de ciências de dados para o suporte a investigações criminais
INOVA,1.0,CSI,Monitora dados relativos a presos e organizações criminosas
INOVA,1.0,CSI,Gerencia bancos de dados com informações sensíveis e sigilosas
INOVA,1.0,CSI,Implementa programa de segurança da informação
INOVA,1.0,CSI,Potencializa o impacto social do MPRJ
INOVA,1.0,CSI,Faz experimentos
INOVA,1.0,CSI,"Fomenta inovação, transparência, inclusão e participação na gestão pública"
INOVA,1.0,CSI,Estimula e apoia a contribuição de atores externos ao trabalho dos órgãos do MPRJ
INOVA,1.0,CSI,Estimula a criação de rede de atores internos e externos
INOVA,1.0,STIC,Gerencia bancos de dados com informações sensíveis e sigilosas
INOVA,1.0,STIC,Implementa programa de segurança da informação
INOVA,1.0,STIC,Desenvolve sistemas de tecnologia da informação de uso interno
INOVA,1.0,STIC,Implementa programa e medidas de proteção de dados em poder do MPRJ
INOVA,1.0,STIC,Dá suporte ou faz a aquisição de produtos de TIC institucionais
INOVA,1.0,STIC,Desenvolve sistemas a partir da análise de dados externos e internos
INOVA,1.0,STIC,Faz a gestão do parque de infraestrutura e tecnologia e telecomunicação do MPRJ
INOVA,1.0,STIC,Potencializa o impacto social do MPRJ
INOVA,1.0,STIC,Faz experimentos
INOVA,1.0,STIC,"Fomenta inovação, transparência, inclusão e participação na gestão pública"
INOVA,1.0,STIC,Estimula e apoia a contribuição de atores externos ao trabalho dos órgãos do MPRJ
INOVA,1.0,STIC,Estimula a criação de rede de atores internos e externos
INOVA,1.0,CADG,Coleta dados da atuação institucional
INOVA,1.0,CADG,Desenvolve visualizações estáticas e interativas de dados processados
INOVA,1.0,CADG,"Coleta, trata, guarda e disponibiliza dados internos e externos"
INOVA,1.0,CADG,"Coleta, analisa e sistematiza dados internos e externos georreferenciados"
INOVA,1.0,CADG,Desenvolve e gerencia plataformas de divulgação de informações de interesse social
INOVA,1.0,CADG,Desenvolve aplicações a partir da análise de dados internos e externos
INOVA,1.0,CADG,Desenvolve sites para campanhas e casos de atuação do MPRJ
INOVA,1.0,CADG,Difunde informação de interesse social a partir da coleta e análise de dados
INOVA,1.0,CADG,Potencializa o impacto social do MPRJ
INOVA,1.0,CADG,Faz experimentos
INOVA,1.0,CADG,"Fomenta inovação, transparência, inclusão e participação na gestão pública"
INOVA,1.0,CADG,Estimula e apoia a contribuição de atores externos ao trabalho dos órgãos do MPRJ
INOVA,1.0,CADG,Estimula a criação de rede de atores internos e externos
INOVA,1.0,CENPE,Difunde informação de interesse social a partir da coleta e análise de dados
INOVA,1.0,CENPE,Promove e fomenta análises interdisciplinares
INOVA,1.0,CENPE,Avalia a efetividade das políticas públicas
INOVA,1.0,CENPE,Produz conhecimento com análise crítica
INOVA,1.0,CENPE,Identifica problemas públicos relevantes
INOVA,1.0,CENPE,Realiza revisões de literatura e de iniciativas de políticas públicas
INOVA,1.0,CENPE,Desenha e conduz avaliações de impacto para processos e iniciativas do MPRJ
INOVA,1.0,CENPE,Potencializa o impacto social do MPRJ
INOVA,1.0,CENPE,Faz experimentos
INOVA,1.0,CENPE,"Fomenta inovação, transparência, inclusão e participação na gestão pública"
INOVA,1.0,CENPE,Estimula e apoia a contribuição de atores externos ao trabalho dos órgãos do MPRJ
INOVA,1.0,CENPE,Estimula a criação de rede de atores internos e externos
INOVA,1.0,INOVA,Identifica problemas públicos relevantes
INOVA,1.0,INOVA,Realiza revisões de literatura e de iniciativas de políticas públicas
INOVA,1.0,INOVA,Desenha e conduz avaliações de impacto para processos e iniciativas do MPRJ
INOVA,1.0,INOVA,Difunde a cultura e métodos de ideação e inovação
INOVA,1.0,INOVA,Prospecta no Brasil e no mundo tendências e iniciativas de inovação
INOVA,1.0,INOVA,Difunde inovação e boas práticas sobre administração pública
INOVA,1.0,INOVA,Potencializa o impacto social do MPRJ
INOVA,1.0,INOVA,Faz experimentos
INOVA,1.0,INOVA,"Fomenta inovação, transparência, inclusão e participação na gestão pública"
INOVA,1.0,INOVA,Estimula e apoia a contribuição de atores externos ao trabalho dos órgãos do MPRJ
INOVA,1.0,INOVA,Estimula a criação de rede de atores internos e externos
INOVA,1.0,IEP,Difunde inovação e boas práticas sobre administração pública
INOVA,1.0,IEP,Promove e organiza a gestão do conhecimento técnico do MPRJ
INOVA,1.0,IEP,Dissemina conhecimento
INOVA,1.0,IEP,Oferece o apoio pedagógico e logístico às ações treinamento
INOVA,1.0,IEP,Difunde os métodos de pesquisa científica e uso de evidências 
INOVA,1.0,IEP,Interage e compartilha conhecimento com outras instituições de ensino e pesquisa
INOVA,1.0,IEP,Potencializa o impacto social do MPRJ
INOVA,1.0,IEP,Faz experimentos
INOVA,1.0,IEP,"Fomenta inovação, transparência, inclusão e participação na gestão pública"
INOVA,1.0,IEP,Estimula e apoia a contribuição de atores externos ao trabalho dos órgãos do MPRJ
INOVA,1.0,IEP,Estimula a criação de rede de atores internos e externos
INOVA,1.0,APMOD,Promove a atuação sistêmica do MPRJ
INOVA,1.0,APMOD,Avalia fluxos e processos
INOVA,1.0,APMOD,Fomenta e dá suporte à integração e trabalho em conjunto entre diversos órgãos
INOVA,1.0,APMOD,Contribuição para a eleição de prioridades de atuação do MPRJ
INOVA,1.0,APMOD,Elabora diagnósticos de órgãos do Ministério Público
INOVA,1.0,APMOD,Implementa programa de segurança da informação
INOVA,1.0,APMOD,Potencializa o impacto social do MPRJ
INOVA,1.0,APMOD,Faz experimentos
INOVA,1.0,APMOD,"Fomenta inovação, transparência, inclusão e participação na gestão pública"
INOVA,1.0,APMOD,Estimula e apoia a contribuição de atores externos ao trabalho dos órgãos do MPRJ
INOVA,1.0,APMOD,Estimula a criação de rede de atores internos e externos
INOVA,2.0,CADG,Implementa programa de segurança da informação
INOVA,2.0,CADG,Dá suporte ou faz a aquisição de produtos de TIC institucionais
INOVA,2.0,CADG,Faz a gestão do parque de infraestrutura e tecnologia e telecomunicação do MPRJ
INOVA,2.0,CADG,Faz a gestão do portal do MPRJ e da programação visual do site do MPRJ
INOVA,2.0,CADG,Desenvolve sistemas de tecnologia da informação de uso interno
INOVA,2.0,CADG,Desenvolve sites para campanhas e casos de atuação do MPRJ
INOVA,2.0,CADG,Desenvolve aplicações a partir da análise de dados internos e externos
INOVA,2.0,CADG,Implementa programa e medidas de proteção de dados em poder do MPRJ
INOVA,2.0,CADG,Desenvolve visualizações estáticas e interativas de dados processados
INOVA,2.0,CADG,"Coleta, analisa e sistematiza dados internos e externos georreferenciados"
INOVA,2.0,CADG,Desenvolve e gerencia plataformas de divulgação de informações de interesse social
INOVA,2.0,CADG,Difunde informação de interesse social a partir da coleta e análise de dados
INOVA,2.0,CADG,"Coleta, trata, guarda e disponibiliza dados internos e externos"
INOVA,2.0,CADG,Desenvolve sistemas a partir da análise de dados externos e internos
INOVA,2.0,CADG,Potencializa o impacto social do MPRJ
INOVA,2.0,CADG,Promove a atuação sistêmica do MPRJ
INOVA,2.0,CADG,Contribuição para a eleição de prioridades de atuação do MPRJ
INOVA,2.0,CADG,Faz experimentos
INOVA,2.0,CADG,Estimula a criação de rede de atores internos e externos
INOVA,2.0,STIC,Implementa programa de segurança da informação
INOVA,2.0,STIC,Dá suporte ou faz a aquisição de produtos de TIC institucionais
INOVA,2.0,STIC,Faz a gestão do parque de infraestrutura e tecnologia e telecomunicação do MPRJ
INOVA,2.0,STIC,Faz a gestão do portal do MPRJ e da programação visual do site do MPRJ
INOVA,2.0,STIC,Desenvolve sistemas de tecnologia da informação de uso interno
INOVA,2.0,STIC,Desenvolve sites para campanhas e casos de atuação do MPRJ
INOVA,2.0,STIC,Desenvolve aplicações a partir da análise de dados internos e externos
INOVA,2.0,STIC,Implementa programa e medidas de proteção de dados em poder do MPRJ
INOVA,2.0,STIC,Desenvolve visualizações estáticas e interativas de dados processados
INOVA,2.0,STIC,"Coleta, analisa e sistematiza dados internos e externos georreferenciados"
INOVA,2.0,STIC,Desenvolve e gerencia plataformas de divulgação de informações de interesse social
INOVA,2.0,STIC,Difunde informação de interesse social a partir da coleta e análise de dados
INOVA,2.0,STIC,"Coleta, trata, guarda e disponibiliza dados internos e externos"
INOVA,2.0,STIC,Desenvolve sistemas a partir da análise de dados externos e internos
INOVA,2.0,STIC,Potencializa o impacto social do MPRJ
INOVA,2.0,STIC,Promove a atuação sistêmica do MPRJ
INOVA,2.0,STIC,Contribuição para a eleição de prioridades de atuação do MPRJ
INOVA,2.0,STIC,Faz experimentos
INOVA,2.0,STIC,Estimula a criação de rede de atores internos e externos
INOVA,2.0,GATE,Apoia os CAOs e grupos
INOVA,2.0,GATE,Dá suporte técnico a casos concretos de atuação do MPRJ
INOVA,2.0,GATE,Dá suporte técnico e científico para temas relacionados à atividade-fim do MPRJ
INOVA,2.0,GATE,Potencializa o impacto social do MPRJ
INOVA,2.0,GATE,Promove a atuação sistêmica do MPRJ
INOVA,2.0,GATE,Contribuição para a eleição de prioridades de atuação do MPRJ
INOVA,2.0,GATE,Faz experimentos
INOVA,2.0,GATE,Estimula a criação de rede de atores internos e externos
INOVA,2.0,CSI,Monitora dados relativos a presos e organizações criminosas
INOVA,2.0,CSI,Usa ferramentas de ciências de dados para o suporte a investigações criminais
INOVA,2.0,CSI,Gerencia bancos de dados com informações sensíveis e sigilosas
INOVA,2.0,CSI,Potencializa o impacto social do MPRJ
INOVA,2.0,CSI,Promove a atuação sistêmica do MPRJ
INOVA,2.0,CSI,Contribuição para a eleição de prioridades de atuação do MPRJ
INOVA,2.0,CSI,Faz experimentos
INOVA,2.0,CSI,Estimula a criação de rede de atores internos e externos
INOVA,2.0,INOVA,Identifica problemas públicos relevantes
INOVA,2.0,INOVA,Difunde os métodos de pesquisa científica e uso de evidências 
INOVA,2.0,INOVA,Dissemina conhecimento
INOVA,2.0,INOVA,Promove e fomenta análises interdisciplinares
INOVA,2.0,INOVA,Oferece consultoria técnica
INOVA,2.0,INOVA,Estimula e apoia a contribuição de atores externos ao trabalho dos órgãos do MPRJ
INOVA,2.0,INOVA,"Fomenta inovação, transparência, inclusão e participação na gestão pública"
INOVA,2.0,INOVA,Difunde a cultura e métodos de ideação e inovação
INOVA,2.0,INOVA,Difunde inovação e boas práticas sobre administração pública
INOVA,2.0,INOVA,Prospecta no Brasil e no mundo tendências e iniciativas de inovação
INOVA,2.0,INOVA,Potencializa o impacto social do MPRJ
INOVA,2.0,INOVA,Promove a atuação sistêmica do MPRJ
INOVA,2.0,INOVA,Contribuição para a eleição de prioridades de atuação do MPRJ
INOVA,2.0,INOVA,Faz experimentos
INOVA,2.0,INOVA,Estimula a criação de rede de atores internos e externos
INOVA,2.0,CENPE,Identifica problemas públicos relevantes
INOVA,2.0,CENPE,Difunde os métodos de pesquisa científica e uso de evidências 
INOVA,2.0,CENPE,Dissemina conhecimento
INOVA,2.0,CENPE,Promove e fomenta análises interdisciplinares
INOVA,2.0,CENPE,Realiza revisões de literatura e de iniciativas de políticas públicas
INOVA,2.0,CENPE,Produz conhecimento com análise crítica
INOVA,2.0,CENPE,Desenha e conduz avaliações de impacto para processos e iniciativas do MPRJ
INOVA,2.0,CENPE,Avalia a efetividade das políticas públicas
INOVA,2.0,CENPE,Promove e organiza a gestão do conhecimento técnico do MPRJ
INOVA,2.0,CENPE,Interage e compartilha conhecimento com outras instituições de ensino e pesquisa
INOVA,2.0,CENPE,Oferece o apoio pedagógico e logístico às ações treinamento
INOVA,2.0,CENPE,Potencializa o impacto social do MPRJ
INOVA,2.0,CENPE,Promove a atuação sistêmica do MPRJ
INOVA,2.0,CENPE,Contribuição para a eleição de prioridades de atuação do MPRJ
INOVA,2.0,CENPE,Faz experimentos
INOVA,2.0,CENPE,Estimula a criação de rede de atores internos e externos
INOVA,2.0,IEP,Identifica problemas públicos relevantes
INOVA,2.0,IEP,Difunde os métodos de pesquisa científica e uso de evidências 
INOVA,2.0,IEP,Dissemina conhecimento
INOVA,2.0,IEP,Promove e fomenta análises interdisciplinares
INOVA,2.0,IEP,Realiza revisões de literatura e de iniciativas de políticas públicas
INOVA,2.0,IEP,Produz conhecimento com análise crítica
INOVA,2.0,IEP,Desenha e conduz avaliações de impacto para processos e iniciativas do MPRJ
INOVA,2.0,IEP,Avalia a efetividade das políticas públicas
INOVA,2.0,IEP,Promove e organiza a gestão do conhecimento técnico do MPRJ
INOVA,2.0,IEP,Interage e compartilha conhecimento com outras instituições de ensino e pesquisa
INOVA,2.0,IEP,Oferece o apoio pedagógico e logístico às ações treinamento
INOVA,2.0,IEP,Potencializa o impacto social do MPRJ
INOVA,2.0,IEP,Promove a atuação sistêmica do MPRJ
INOVA,2.0,IEP,Contribuição para a eleição de prioridades de atuação do MPRJ
INOVA,2.0,IEP,Faz experimentos
INOVA,2.0,IEP,Estimula a criação de rede de atores internos e externos
INOVA,2.0,APMOD,Elabora diagnósticos de órgãos do Ministério Público
INOVA,2.0,APMOD,Avalia fluxos e processos
INOVA,2.0,APMOD,Coleta dados da atuação institucional
INOVA,2.0,APMOD,Fomenta e dá suporte à integração e trabalho em conjunto entre diversos órgãos
INOVA,2.0,APMOD,Difunde conhecimento sobre o funcionamento e a atuação do MPRJ
INOVA,2.0,APMOD,Potencializa o impacto social do MPRJ
INOVA,2.0,APMOD,Promove a atuação sistêmica do MPRJ
INOVA,2.0,APMOD,Contribuição para a eleição de prioridades de atuação do MPRJ
INOVA,2.0,APMOD,Faz experimentos
INOVA,2.0,APMOD,Estimula a criação de rede de atores internos e externos
